name,ff_dim,lr,weight_decay,seed,params,ae_path,best_epoch,best_val_loss,epochs_run,train_seconds,seconds_per_epoch,peak_rss_mb,wall_seconds,threads,n_blocks,d_model,dropout,norm
cfg04,174,0.003,0.0,0,150251,,15,0.1367957936525345,15,674.8494648933411,44.98996432622274,772.8828125,677.77570271492,4,6,64,0.1,batch
cfg02,174,0.003,0.0001,0,150251,,15,0.13980689084529876,15,551.6211824417114,36.77474549611409,654.80859375,554.9963104724884,4,6,64,0.0,layer
cfg08,174,0.003,0.001,0,150251,,15,0.1402107207775116,15,615.6428396701813,41.042855978012085,838.7421875,617.8718361854553,4,6,64,0.1,layer
cfg03,351,0.003,0.0001,0,149984,,15,0.17035237467288972,15,547.1834812164307,36.478898747762045,845.08203125,548.948127746582,4,3,64,0.1,batch
cfg05,336,0.001,0.001,0,149991,,15,0.20230843186378478,15,419.11099123954773,27.940732749303184,572.34765625,420.8258237838745,4,2,96,0.0,batch
cfg07,110,0.003,0.001,0,150219,,15,0.23981578183174132,15,658.8535811901093,43.923572079340616,814.16015625,660.8798940181732,4,6,96,0.2,layer
cfg06,166,0.0003,0.0,0,149719,,15,0.2546387851238251,15,546.9476733207703,36.46317822138469,744.7734375,548.8860523700714,4,4,96,0.1,layer
cfg11,262,0.001,0.0001,0,149815,,15,0.26006137776374816,15,595.3893435001373,39.692622900009155,745.5546875,597.2755560874939,4,4,64,0.1,batch
cfg01,78,0.0003,0.0,0,150379,,15,0.26388984394073484,15,836.0378091335297,55.73585394223531,830.90234375,837.7919569015503,4,6,128,0.2,batch
cfg00,239,0.0003,0.0,0,149765,,15,0.2718276772499085,15,412.88370966911316,27.525580644607544,554.9765625,414.79025650024414,4,2,128,0.0,layer
cfg10,110,0.001,0.001,0,150219,,15,0.29863354444503787,15,671.8215844631195,44.78810563087463,740.97265625,674.304074048996,4,6,96,0.2,layer
cfg09,351,0.0003,0.0,0,149984,,15,0.3232404260635376,15,451.09757590293884,30.07317172686259,623.03125,453.01852536201477,4,3,64,0.0,layer
