name,ff_dim,lr,weight_decay,seed,params,ae_path,best_epoch,best_val_loss,epochs_run,train_seconds,seconds_per_epoch,peak_rss_mb,wall_seconds,threads,job_key,n_blocks,d_model,dropout,norm
cfg04,174,0.003,0.0,0,150251,,15,0.8326356258392335,15,543.5294425487518,36.235296169916786,844.26953125,545.0029494762421,4,"{""job"": {""arch"": {""d_model"": 64, ""dropout"": 0.1, ""n_blocks"": 6, ""norm"": ""batch""}, ""lr"": 0.003, ""max_epochs"": 15, ""name"": ""cfg04"", ""seed"": 0, ""weight_decay"": 0.0}, ""train"": {""batch_size"": 256, ""eval"": {""congestion_percentile"": 75, ""horizons"": [1, 3, 5, 10, 20]}, ""loss"": {""reward_weight"": 1.0, ""rollout_k"": 5}, ""optimizer"": ""adamw"", ""patience"": 10, ""samples_per_epoch"": 11040, ""val_max_samples"": 4000}}",6,64,0.1,batch
cfg08,174,0.003,0.001,0,150251,,15,0.8589605541229248,15,507.5096414089203,33.83397609392802,844.953125,508.9104588031769,4,"{""job"": {""arch"": {""d_model"": 64, ""dropout"": 0.1, ""n_blocks"": 6, ""norm"": ""layer""}, ""lr"": 0.003, ""max_epochs"": 15, ""name"": ""cfg08"", ""seed"": 0, ""weight_decay"": 0.001}, ""train"": {""batch_size"": 256, ""eval"": {""congestion_percentile"": 75, ""horizons"": [1, 3, 5, 10, 20]}, ""loss"": {""reward_weight"": 1.0, ""rollout_k"": 5}, ""optimizer"": ""adamw"", ""patience"": 10, ""samples_per_epoch"": 11040, ""val_max_samples"": 4000}}",6,64,0.1,layer
cfg02,174,0.003,0.0001,0,150251,,15,0.8850833978652954,15,457.294682264328,30.4863121509552,655.3125,458.9976861476898,4,"{""job"": {""arch"": {""d_model"": 64, ""dropout"": 0.0, ""n_blocks"": 6, ""norm"": ""layer""}, ""lr"": 0.003, ""max_epochs"": 15, ""name"": ""cfg02"", ""seed"": 0, ""weight_decay"": 0.0001}, ""train"": {""batch_size"": 256, ""eval"": {""congestion_percentile"": 75, ""horizons"": [1, 3, 5, 10, 20]}, ""loss"": {""reward_weight"": 1.0, ""rollout_k"": 5}, ""optimizer"": ""adamw"", ""patience"": 10, ""samples_per_epoch"": 11040, ""val_max_samples"": 4000}}",6,64,0.0,layer
cfg03,351,0.003,0.0001,0,149984,,15,1.0286776714324952,15,444.345579624176,29.623038641611735,873.87109375,445.9669842720032,4,"{""job"": {""arch"": {""d_model"": 64, ""dropout"": 0.1, ""n_blocks"": 3, ""norm"": ""batch""}, ""lr"": 0.003, ""max_epochs"": 15, ""name"": ""cfg03"", ""seed"": 0, ""weight_decay"": 0.0001}, ""train"": {""batch_size"": 256, ""eval"": {""congestion_percentile"": 75, ""horizons"": [1, 3, 5, 10, 20]}, ""loss"": {""reward_weight"": 1.0, ""rollout_k"": 5}, ""optimizer"": ""adamw"", ""patience"": 10, ""samples_per_epoch"": 11040, ""val_max_samples"": 4000}}",3,64,0.1,batch
cfg05,336,0.001,0.001,0,149991,,15,1.0829263772964477,15,349.55469512939453,23.303646341959634,573.375,351.10910272598267,4,"{""job"": {""arch"": {""d_model"": 96, ""dropout"": 0.0, ""n_blocks"": 2, ""norm"": ""batch""}, ""lr"": 0.001, ""max_epochs"": 15, ""name"": ""cfg05"", ""seed"": 0, ""weight_decay"": 0.001}, ""train"": {""batch_size"": 256, ""eval"": {""congestion_percentile"": 75, ""horizons"": [1, 3, 5, 10, 20]}, ""loss"": {""reward_weight"": 1.0, ""rollout_k"": 5}, ""optimizer"": ""adamw"", ""patience"": 10, ""samples_per_epoch"": 11040, ""val_max_samples"": 4000}}",2,96,0.0,batch
cfg07,110,0.003,0.001,0,150219,,15,1.0908151979446412,15,535.1970946788788,35.679806311925255,825.59765625,536.5730044841766,4,"{""job"": {""arch"": {""d_model"": 96, ""dropout"": 0.2, ""n_blocks"": 6, ""norm"": ""layer""}, ""lr"": 0.003, ""max_epochs"": 15, ""name"": ""cfg07"", ""seed"": 0, ""weight_decay"": 0.001}, ""train"": {""batch_size"": 256, ""eval"": {""congestion_percentile"": 75, ""horizons"": [1, 3, 5, 10, 20]}, ""loss"": {""reward_weight"": 1.0, ""rollout_k"": 5}, ""optimizer"": ""adamw"", ""patience"": 10, ""samples_per_epoch"": 11040, ""val_max_samples"": 4000}}",6,96,0.2,layer
cfg11,262,0.001,0.0001,0,149815,,15,1.204526523590088,15,706.7673830986023,47.11782553990682,627.42578125,712.5230050086975,4,"{""job"": {""arch"": {""d_model"": 64, ""dropout"": 0.1, ""n_blocks"": 4, ""norm"": ""batch""}, ""lr"": 0.001, ""max_epochs"": 15, ""name"": ""cfg11"", ""seed"": 0, ""weight_decay"": 0.0001}, ""train"": {""batch_size"": 256, ""eval"": {""congestion_percentile"": 75, ""horizons"": [1, 3, 5, 10, 20]}, ""loss"": {""reward_weight"": 1.0, ""rollout_k"": 5}, ""optimizer"": ""adamw"", ""patience"": 10, ""samples_per_epoch"": 11040, ""val_max_samples"": 4000}}",4,64,0.1,batch
cfg00,239,0.0003,0.0,0,149765,,15,1.2211455936431885,15,434.12668013572693,28.941778675715128,558.21484375,437.4748182296753,4,"{""job"": {""arch"": {""d_model"": 128, ""dropout"": 0.0, ""n_blocks"": 2, ""norm"": ""layer""}, ""lr"": 0.0003, ""max_epochs"": 15, ""name"": ""cfg00"", ""seed"": 0, ""weight_decay"": 0.0}, ""train"": {""batch_size"": 256, ""eval"": {""congestion_percentile"": 75, ""horizons"": [1, 3, 5, 10, 20]}, ""loss"": {""reward_weight"": 1.0, ""rollout_k"": 5}, ""optimizer"": ""adamw"", ""patience"": 10, ""samples_per_epoch"": 11040, ""val_max_samples"": 4000}}",2,128,0.0,layer
cfg06,166,0.0003,0.0,0,149719,,15,1.2276289567947387,15,445.9626762866974,29.730845085779826,760.34375,447.3177373409271,4,"{""job"": {""arch"": {""d_model"": 96, ""dropout"": 0.1, ""n_blocks"": 4, ""norm"": ""layer""}, ""lr"": 0.0003, ""max_epochs"": 15, ""name"": ""cfg06"", ""seed"": 0, ""weight_decay"": 0.0}, ""train"": {""batch_size"": 256, ""eval"": {""congestion_percentile"": 75, ""horizons"": [1, 3, 5, 10, 20]}, ""loss"": {""reward_weight"": 1.0, ""rollout_k"": 5}, ""optimizer"": ""adamw"", ""patience"": 10, ""samples_per_epoch"": 11040, ""val_max_samples"": 4000}}",4,96,0.1,layer
cfg01,78,0.0003,0.0,0,150379,,15,1.2373149509429933,15,662.8686401844025,44.191242678960165,875.05859375,664.8150579929352,4,"{""job"": {""arch"": {""d_model"": 128, ""dropout"": 0.2, ""n_blocks"": 6, ""norm"": ""batch""}, ""lr"": 0.0003, ""max_epochs"": 15, ""name"": ""cfg01"", ""seed"": 0, ""weight_decay"": 0.0}, ""train"": {""batch_size"": 256, ""eval"": {""congestion_percentile"": 75, ""horizons"": [1, 3, 5, 10, 20]}, ""loss"": {""reward_weight"": 1.0, ""rollout_k"": 5}, ""optimizer"": ""adamw"", ""patience"": 10, ""samples_per_epoch"": 11040, ""val_max_samples"": 4000}}",6,128,0.2,batch
cfg10,110,0.001,0.001,0,150219,,15,1.25625408744812,15,536.7246007919312,35.78164005279541,826.0234375,538.1486666202545,4,"{""job"": {""arch"": {""d_model"": 96, ""dropout"": 0.2, ""n_blocks"": 6, ""norm"": ""layer""}, ""lr"": 0.001, ""max_epochs"": 15, ""name"": ""cfg10"", ""seed"": 0, ""weight_decay"": 0.001}, ""train"": {""batch_size"": 256, ""eval"": {""congestion_percentile"": 75, ""horizons"": [1, 3, 5, 10, 20]}, ""loss"": {""reward_weight"": 1.0, ""rollout_k"": 5}, ""optimizer"": ""adamw"", ""patience"": 10, ""samples_per_epoch"": 11040, ""val_max_samples"": 4000}}",6,96,0.2,layer
cfg09,351,0.0003,0.0,0,149984,,15,1.3065659923553468,15,381.18737411499023,25.412491607666016,624.015625,382.5471477508545,4,"{""job"": {""arch"": {""d_model"": 64, ""dropout"": 0.0, ""n_blocks"": 3, ""norm"": ""layer""}, ""lr"": 0.0003, ""max_epochs"": 15, ""name"": ""cfg09"", ""seed"": 0, ""weight_decay"": 0.0}, ""train"": {""batch_size"": 256, ""eval"": {""congestion_percentile"": 75, ""horizons"": [1, 3, 5, 10, 20]}, ""loss"": {""reward_weight"": 1.0, ""rollout_k"": 5}, ""optimizer"": ""adamw"", ""patience"": 10, ""samples_per_epoch"": 11040, ""val_max_samples"": 4000}}",3,64,0.0,layer
