modelo,conjunto,semilla,params,mejor_epoca,epocas,min_entrenamiento,s_por_epoca,rss_pico_mb,rmse_1,rmse_3,rmse_5,rmse_10,rmse_20,auc_rmse,crecimiento,mae_1,reward_rmse_1,phase_acc_1,phase_acc_20,rmse_1_congestion
LSTM,val,0,150944,97,107,23.042239276568093,12.920881837327904,659.22265625,0.20834846794605255,0.2578563094139099,0.27916353940963745,0.32214364409446716,0.37899404764175415,6.045397758483887,1.819039225578308,0.12038213759660721,2.389108180999756,0.9797619047619047,0.9186853002070393,0.19906240701675415
LSTM,test,0,150944,97,107,23.042239276568093,12.920881837327904,659.22265625,0.20337410271167755,0.24715526401996613,0.26372915506362915,0.2976539433002472,0.3331979513168335,5.552021026611328,1.638350009918213,0.11823681741952896,1.960649013519287,0.9833592132505176,0.9513975155279503,0.18633468449115753
LSTM,test_ood,0,150944,97,107,23.042239276568093,12.920881837327904,659.22265625,0.20075610280036926,0.2434261292219162,0.2613343596458435,0.2982514500617981,0.34325727820396423,5.589240074157715,1.709822416305542,0.11774658411741257,2.035090684890747,0.983488612836439,0.9526656314699793,0.18813352286815643
LSTM,val,1,150944,93,103,22.260141662756602,12.967072813256273,660.34765625,0.20777495205402374,0.25858938694000244,0.2805018126964569,0.32326576113700867,0.37681758403778076,6.057126522064209,1.8135852813720703,0.1196119636297226,2.4172134399414062,0.9784290890269152,0.9184265010351967,0.1986096203327179
LSTM,test,1,150944,93,103,22.260141662756602,12.967072813256273,660.34765625,0.20271800458431244,0.24739708006381989,0.2643316984176636,0.297520250082016,0.33303314447402954,5.551323413848877,1.6428395509719849,0.11725441366434097,1.9549460411071777,0.9827639751552795,0.9501035196687371,0.18585388362407684
LSTM,test_ood,1,150944,93,103,22.260141662756602,12.967072813256273,660.34765625,0.20045681297779083,0.2452927827835083,0.26404109597206116,0.30109989643096924,0.3476582467556,5.644625663757324,1.7343299388885498,0.11725534498691559,2.0274953842163086,0.9826345755693582,0.9516045548654244,0.1889774054288864
LSTM,val,2,150944,85,95,20.370760750770568,12.865743632065623,659.15234375,0.20857971906661987,0.25938788056373596,0.2818777561187744,0.3245123028755188,0.37493398785591125,6.057783126831055,1.7975572347640991,0.12039700150489807,2.386143445968628,0.9784937888198758,0.9189699792960663,0.20022955536842346
LSTM,test,2,150944,85,95,20.370760750770568,12.865743632065623,659.15234375,0.20279887318611145,0.24655850231647491,0.2633856534957886,0.29582515358924866,0.3321259319782257,5.5279622077941895,1.6377109289169312,0.117621049284935,1.9206616878509521,0.9827251552795031,0.9498317805383023,0.18415236473083496
LSTM,test_ood,2,150944,85,95,20.370760750770568,12.865743632065623,659.15234375,0.20078013837337494,0.2442857325077057,0.2627868354320526,0.29972192645072937,0.34490978717803955,5.614741802215576,1.7178481817245483,0.11779415607452393,2.009204864501953,0.981935817805383,0.9526138716356107,0.1892678439617157
LSTM,val,3,150944,80,90,19.3105384906133,12.873692327075535,659.33984375,0.20996882021427155,0.2596830427646637,0.2817661464214325,0.32727664709091187,0.38485944271087646,6.1341142654418945,1.83293616771698,0.12178987264633179,2.4053800106048584,0.9776915113871636,0.9110766045548654,0.20084135234355927
LSTM,test,3,150944,80,90,19.3105384906133,12.873692327075535,659.33984375,0.20472753047943115,0.2481888234615326,0.26526492834091187,0.3001842200756073,0.3381046950817108,5.6024065017700195,1.6514862775802612,0.11959701031446457,1.9479914903640747,0.9819875776397515,0.9427536231884058,0.1875208467245102
LSTM,test_ood,3,150944,80,90,19.3105384906133,12.873692327075535,659.33984375,0.20276227593421936,0.24626067280769348,0.2652580440044403,0.30365726351737976,0.35267168283462524,5.6978936195373535,1.7393357753753662,0.11931820213794708,2.06063175201416,0.9824792960662526,0.9398550724637681,0.19091860949993134
LSTM,val,4,150944,59,69,14.862950960795084,12.924305183300074,658.74609375,0.21278464794158936,0.2627321183681488,0.28531748056411743,0.3281800448894501,0.37877315282821655,6.13244104385376,1.7800774574279785,0.1246822252869606,2.3801276683807373,0.9756599378881987,0.9029503105590062,0.20421470701694489
LSTM,test,4,150944,59,69,14.862950960795084,12.924305183300074,658.74609375,0.2076410949230194,0.2516648471355438,0.2695395350456238,0.30299484729766846,0.33764180541038513,5.646767616271973,1.6260837316513062,0.12274667620658875,1.94843327999115,0.980473602484472,0.9386904761904762,0.18956990540027618
LSTM,test_ood,4,150944,59,69,14.862950960795084,12.924305183300074,658.74609375,0.2054714411497116,0.24918033182621002,0.2690693736076355,0.3070310056209564,0.3536015748977661,5.752507209777832,1.7209280729293823,0.12239416688680649,2.049898862838745,0.9797101449275363,0.9357660455486543,0.19462071359157562
