name,model,lr,weight_decay,seed,params,ae_path,best_epoch,best_val_loss,epochs_run,train_seconds,seconds_per_epoch,peak_rss_mb,wall_seconds,threads,n_layers,dropout
cfg04,lstm,0.003,0.0001,0,150944,,15,0.1488689478635788,15,192.20230650901794,12.813487100601197,658.41796875,193.65648698806763,4,2,0.0
cfg00,lstm,0.003,0.0,0,150944,,15,0.1488694076538086,15,191.61612343788147,12.774408229192098,659.10546875,193.1512017250061,4,2,0.0
cfg06,lstm,0.003,0.0001,0,150944,,15,0.1697791976928711,15,192.24518990516663,12.816345993677775,703.55078125,193.66987705230713,4,2,0.2
cfg08,lstm,0.003,0.0,0,150944,,15,0.16978069984912872,15,190.48552012443542,12.69903467496236,704.89453125,191.86399674415588,4,2,0.2
cfg02,lstm,0.003,0.001,0,150944,,14,0.1838908451795578,15,191.11451196670532,12.74096746444702,695.65234375,192.52648091316223,4,2,0.3
cfg09,lstm,0.001,0.0,0,150944,,15,0.20872658491134644,15,192.58816123008728,12.839210748672485,658.859375,193.98014855384827,4,2,0.0
cfg11,lstm,0.001,0.0001,0,150944,,15,0.21809833598136902,15,192.37214851379395,12.824809900919597,696.1953125,193.79120087623596,4,2,0.2
cfg10,lstm,0.001,0.001,0,150944,,15,0.22719075059890748,15,192.06667566299438,12.804445044199626,703.765625,193.49556279182434,4,2,0.3
cfg05,lstm,0.0003,0.0001,0,150944,,15,0.2762180500030518,15,190.20774030685425,12.68051602045695,704.06640625,191.62753748893738,4,2,0.1
cfg01,lstm,0.0003,0.0,0,150944,,15,0.2782639718055725,15,190.29187202453613,12.686124801635742,658.34375,191.7223105430603,4,2,0.0
cfg03,lstm,0.0003,0.0,0,150944,,15,0.2857524871826172,15,204.4675726890564,13.63117151260376,704.89453125,205.87569093704224,4,2,0.3
cfg07,lstm,0.0003,0.0001,0,150944,,15,0.2857530701160431,15,191.61348414421082,12.77423227628072,703.84765625,193.03662729263306,4,2,0.3
