model,seed,timesteps,train_minutes,sumo_steps,final_dream_return
lstm,0,400000,6.138609063625336,0,4.159777808036456
lstm,1,400000,5.9985351204872135,0,4.9775382697941675
lstm,2,400000,6.00514565706253,0,1.538430189601495
lstm,3,400000,6.015210413932801,0,7.020241344584065
lstm,4,400000,6.013731054464976,0,3.6725813226069293
tsmixer,0,400000,7.402063632011414,0,3.268842960093025
tsmixer,1,400000,7.45534040927887,0,2.4953958765554307
tsmixer,2,400000,8.979385153452556,0,3.7141964962822387
tsmixer,3,400000,8.079177844524384,0,4.942309169054715
tsmixer,4,400000,7.439698461691538,0,3.455031197289627
transformer,0,400000,6.9629695574442545,0,5.113640537794818
transformer,1,400000,6.976709489027659,0,2.677001484456596
transformer,2,400000,6.9721488793691,0,4.494714575419348
transformer,3,400000,7.005810864766439,0,3.126318229260796
transformer,4,400000,6.980635639031728,0,3.8459171412463182
