demand,feature,min,mean,max
D1,vehicles,1.000,11.418,39.000
D1,halting,0.000,6.189,33.000
D1,queue_m,0.000,46.416,247.500
D1,mean_speed,0.000,4.779,14.539
D1,occupancy,0.139,6.370,24.199
D1,waiting_acc,0.000,538.439,3255.000
D1,outflow,0.000,1.161,11.000
D1,phase_NS_straight,0.000,0.247,1.000
D1,phase_NS_left,0.000,0.254,1.000
D1,phase_EW_straight,0.000,0.247,1.000
D1,phase_EW_left,0.000,0.252,1.000
D1,time_in_phase,1.000,9.964,56.000
D1,yellow,0.000,0.000,1.000
D2,vehicles,5.000,28.260,73.000
D2,halting,0.000,17.310,62.000
D2,queue_m,0.000,129.827,465.000
D2,mean_speed,0.000,3.536,11.987
D2,occupancy,2.440,14.855,33.423
D2,waiting_acc,39.000,1898.982,6677.000
D2,outflow,0.000,2.118,12.000
D2,phase_NS_straight,0.000,0.247,1.000
D2,phase_NS_left,0.000,0.254,1.000
D2,phase_EW_straight,0.000,0.247,1.000
D2,phase_EW_left,0.000,0.252,1.000
D2,time_in_phase,1.000,9.964,56.000
D2,yellow,0.000,0.000,1.000
D3,vehicles,13.000,64.263,112.000
D3,halting,3.000,45.590,107.000
D3,queue_m,22.500,341.922,802.500
D3,mean_speed,0.000,1.880,8.064
D3,occupancy,6.810,25.503,43.942
D3,waiting_acc,554.000,7146.014,17575.000
D3,outflow,0.000,2.483,12.000
D3,phase_NS_straight,0.000,0.247,1.000
D3,phase_NS_left,0.000,0.254,1.000
D3,phase_EW_straight,0.000,0.247,1.000
D3,phase_EW_left,0.000,0.252,1.000
D3,time_in_phase,1.000,9.964,56.000
D3,yellow,0.000,0.000,1.000
D4,vehicles,2.000,45.017,108.000
D4,halting,0.000,30.753,103.000
D4,queue_m,0.000,230.644,772.500
D4,mean_speed,0.000,2.786,11.976
D4,occupancy,0.689,19.397,41.225
D4,waiting_acc,0.000,4287.763,12777.000
D4,outflow,0.000,2.196,12.000
D4,phase_NS_straight,0.000,0.247,1.000
D4,phase_NS_left,0.000,0.254,1.000
D4,phase_EW_straight,0.000,0.247,1.000
D4,phase_EW_left,0.000,0.252,1.000
D4,time_in_phase,1.000,9.964,56.000
D4,yellow,0.000,0.000,1.000
D5,vehicles,6.000,42.462,81.000
D5,halting,2.000,28.317,74.000
D5,queue_m,15.000,212.381,555.000
D5,mean_speed,0.000,2.647,10.184
D5,occupancy,3.617,19.253,35.302
D5,waiting_acc,133.000,3687.376,9424.000
D5,outflow,0.000,2.308,12.000
D5,phase_NS_straight,0.000,0.247,1.000
D5,phase_NS_left,0.000,0.254,1.000
D5,phase_EW_straight,0.000,0.247,1.000
D5,phase_EW_left,0.000,0.252,1.000
D5,time_in_phase,1.000,9.964,56.000
D5,yellow,0.000,0.000,1.000
