modelo,conjunto,rmse_1_mean,rmse_1_std,rmse_5_mean,rmse_5_std,rmse_20_mean,rmse_20_std,auc_rmse_mean,auc_rmse_std,reward_rmse_1_mean,reward_rmse_1_std,phase_acc_1_mean,phase_acc_1_std,rmse_1_congestion_mean,rmse_1_congestion_std,params_mean,params_std,min_entrenamiento_mean,min_entrenamiento_std
LSTM,test,0.20425192117691035,0.002058368086887959,0.2652501940727234,0.0025016179054287847,0.3348207056522369,0.00282106815636243,5.576096153259277,0.04795014903563401,1.9465363025665283,0.015371272672695143,0.9822619047619048,0.00111176009626189,0.1866863369941711,0.002015504079029111,150944.0,0.0,19.96932622830073,3.215620052521143
LSTM,test_ood,0.20204535424709316,0.0021235849426165386,0.2644979417324066,0.0029419631749942553,0.34841971397399896,0.0045956795836531155,5.65980167388916,0.06573613044417212,2.036464309692383,0.019937140642529137,0.9820496894409938,0.0014215826966293777,0.19038361907005308,0.0025750975010257146,150944.0,0.0,19.96932622830073,3.215620052521143
LSTM,val,0.20949132144451138,0.0020097923643002473,0.28172534704208374,0.0022906446143345326,0.3788756430149078,0.003728358715349109,6.085372543334961,0.04401191957748864,2.3955945491790773,0.015278681379550591,0.9780072463768116,0.0015085627715750833,0.2005915284156799,0.002212861922969204,150944.0,0.0,19.96932622830073,3.215620052521143
TSMixer,test,0.204787066578865,0.0030733683112258115,0.26723809242248536,0.0035802871699641783,0.3360415816307068,0.005694562645920794,5.595697593688965,0.0747809866543962,1.9161590099334718,0.00973516030326368,0.9795522774327121,0.0020019625686341796,0.18596704900264735,0.003532496410801253,150251.0,0.0,69.55606831947962,15.966821067725016
TSMixer,test_ood,0.20352353155612946,0.003047101469622226,0.26872779726982116,0.003980257561616937,0.3554949343204498,0.008297373189827897,5.76407470703125,0.1044035360520689,2.029896545410156,0.01770000242121616,0.978731884057971,0.0020846911846209154,0.1879397273063659,0.004112210144392162,150251.0,0.0,69.55606831947962,15.966821067725016
TSMixer,val,0.20791642367839808,0.0028068969434710206,0.2820731222629547,0.0035988545445858294,0.3758216202259063,0.007305285050266178,6.081593990325928,0.09422066175924389,2.3604440689086914,0.021072253482602648,0.9754787784679089,0.0021894738787793596,0.19396291673183436,0.002612912433646459,150251.0,0.0,69.55606831947962,15.966821067725016
Transformer,test,0.20788926780223843,0.0035537829500299515,0.28271872401237486,0.0038214393885043474,0.37502064704895016,0.008247558462098238,6.045902729034424,0.10373973843421905,1.9889831066131591,0.01317419270243845,0.9792261904761904,0.00241292237475141,0.18848135173320768,0.002103865168341534,149818.0,0.0,48.269051680564885,7.171584936673576
Transformer,test_ood,0.20625930130481715,0.0031354090696933657,0.2834565222263336,0.0036384858459096387,0.3935280263423919,0.007644611532982413,6.200608348846435,0.09861912705304307,2.089244318008423,0.02004338927704966,0.9780072463768116,0.0018351397997215064,0.19061147868633266,0.002422093479005721,149818.0,0.0,48.269051680564885,7.171584936673576
Transformer,val,0.2123054593801498,0.0033300652236053856,0.2987602651119232,0.0037539830055548936,0.4207975924015045,0.008910976179151868,6.586515140533447,0.10117249012720637,2.4570805549621584,0.022832728767824623,0.9734239130434783,0.0022555168158514593,0.20007144212722774,0.002322309047732368,149818.0,0.0,48.269051680564885,7.171584936673576
