condition,train_seed,demand,seed,reward,queue_mean_m,queue_max_m,switches,travel_time_s,waiting_time_s,stops,throughput,trips_recorded,co2_g_per_veh,fuel_g_per_veh,co2_kg_total,teleports,loaded,inserted,backlog_end,wall_s
Actuado,0,D1,9,4.469994556158781,25.916385650634766,157.5,1722,142.62730130220027,37.030534351145036,1.829366861248316,2321,2227,336.5840128230948,107.35795862281006,749.572596557032,0,2507,2507,0,4.209122657775879
Actuado,0,D1,10,2.1300049908459187,26.32653045654297,127.5,1735,142.341251713111,38.423937871174054,1.857012334399269,2264,2189,335.58446290930425,107.03922727994198,734.594389308467,0,2446,2446,0,4.092034339904785
Actuado,0,D2,9,13.030001543462276,55.88517761230469,217.5,1503,151.0462853073819,42.87823403750297,1.8808450035604083,4390,4213,357.98339983358227,114.18378008625136,1508.184063498882,0,4725,4725,0,8.454560995101929
Actuado,0,D2,10,0.6000020056962967,52.20279312133789,225.0,1505,148.5563671779888,41.226686145605065,1.8327246165084004,4265,4107,352.3489012727351,112.38651429388435,1447.096937527123,0,4624,4624,0,8.868820428848267
Actuado,0,D3,9,-33.12000182271004,117.00119018554688,382.5,1101,175.65090199902485,63.33300828863969,2.034942304566878,6451,6153,423.3760138347066,135.0422640992251,2605.03261312495,0,7000,7000,0,14.02610731124878
Actuado,0,D3,10,-4.3900081515312195,106.12789916992188,450.0,1153,170.43429040196884,58.64889253486464,2.0123051681706317,6365,6095,409.5363621534177,130.62777887296457,2496.1241273250807,0,6904,6904,0,12.708693981170654
Actuado,0,D4,9,4.549994420260191,69.68595123291016,397.5,1416,160.54197158846318,51.11278519156264,1.936934997847611,4740,4646,383.1944261965932,122.22543598492727,1780.3213041093722,0,4937,4937,0,8.940901517868042
Actuado,0,D4,10,-7.74000439606607,66.72132110595703,457.5,1434,158.64685390812105,49.281297626823424,1.9466579577618115,4668,4593,377.897925781759,120.53599602330307,1735.685173115619,0,4861,4861,0,8.348822116851807
Actuado,0,D5,9,9.909993350505829,76.6078872680664,300.0,1343,159.20614389652386,50.63419563459984,1.8997574777687956,5175,4948,380.08338152398255,121.23311241975587,1880.6525717806658,0,5586,5586,0,9.516725778579712
Actuado,0,D5,10,-2.9199992269277573,71.06796264648438,307.5,1361,156.86767100977198,47.670195439739416,1.883957654723127,5118,4912,373.9137200529088,119.26510086649512,1836.664192899888,0,5522,5522,0,9.220576763153076
Max-Pressure,0,D1,9,-27.820005416870117,48.18307876586914,232.5,1088,177.13841936957516,70.12654179990864,1.9447236180904524,2298,2189,426.62060384562176,136.07740545533622,933.872501818066,0,2507,2507,0,5.449283838272095
Max-Pressure,0,D1,10,-15.090008608996868,45.85298156738281,187.5,1082,172.75300092336104,67.81394275161588,1.8721144967682364,2259,2166,414.29561319948664,132.14616310485366,897.364298190088,0,2446,2446,0,5.03703761100769
Max-Pressure,0,D2,9,-19.949991151690483,90.79056549072266,337.5,1355,183.64323416506718,71.95201535508637,2.3579654510556622,4379,4168,445.033845069071,141.95062685319698,1854.901066247888,0,4725,4725,0,9.576215744018555
Max-Pressure,0,D2,10,-29.169995084404945,93.08797454833984,345.0,1324,186.68268759195684,75.53629230014712,2.349926434526729,4268,4078,453.8802430370809,144.7724111315373,1850.923631105216,0,4624,4624,0,9.407480239868164
Max-Pressure,0,D3,9,-81.39999082684517,185.0138702392578,495.0,1306,223.7883667433454,102.46713769306605,3.093821886296418,6413,6086,553.2377487849317,176.46468047523823,3367.004939105094,0,7000,7000,0,16.79404330253601
Max-Pressure,0,D3,10,-67.21001259982586,180.0118865966797,532.5,1320,222.10724975058199,101.60242766877286,3.0404057199866976,6328,6014,548.7100665873458,175.02049083645892,3299.942340456297,0,6904,6904,0,15.90048336982727
Max-Pressure,0,D4,9,-44.74999003112316,115.35317993164062,502.5,1303,201.76223624102676,86.45094626930607,2.672612573417446,4706,4597,493.04539937756914,157.2650346770742,2266.5297009386854,0,4937,4937,0,10.860409498214722
Max-Pressure,0,D4,10,-23.550001561641693,109.45661163330078,495.0,1321,197.78662280701755,82.9125,2.6157894736842104,4653,4560,482.797203417626,153.99611533898727,2201.5552475843747,0,4861,4861,0,10.5145103931427
Max-Pressure,0,D5,9,-30.190007865428925,122.9007339477539,390.0,1374,196.89466119096508,82.95030800821355,2.6338809034907595,5143,4870,481.2820801631969,153.51284670299202,2343.843730394769,0,5586,5584,2,12.246806859970093
Max-Pressure,0,D5,10,-17.22000626847148,121.63314819335938,375.0,1361,199.12954218846232,83.89221925682611,2.6674194210634368,5122,4871,487.5950083582402,155.52643701143236,2375.0752857129883,0,5522,5522,0,11.653682231903076
PPO directo,0,D1,9,6.439996961504221,35.794036865234375,150.0,1350,157.81345980126468,51.805329719963865,1.872628726287263,2323,2214,375.8217645895664,119.8738447960244,832.0693868013,0,2507,2507,0,7.088200807571411
PPO directo,0,D1,10,3.2600050177425146,34.35110092163086,142.5,1364,155.0169880624426,50.50183654729109,1.856749311294766,2271,2178,368.16216912859824,117.43071921477777,801.8572043620869,0,2446,2446,0,5.613869905471802
PPO directo,0,D2,9,22.0299988463521,74.21685791015625,255.0,1267,166.41123058542414,57.25902031063321,2.0057347670250896,4396,4185,398.77317474511057,127.19468707749678,1668.8657363082878,0,4725,4725,0,11.66670823097229
PPO directo,0,D2,10,-6.610003467649221,73.99395751953125,292.5,1263,167.29529383077298,58.809558644233114,1.9785418190685198,4291,4101,401.97058555770224,128.2145823139693,1648.481371372137,0,4624,4624,0,9.700275182723999
PPO directo,0,D3,9,-403.4700195901096,245.11788940429688,600.0,1178,265.30591304347826,137.60417391304347,3.606782608695652,6077,5750,659.258368644921,210.2826256891868,3790.735619708296,1,7000,6814,186,19.444874048233032
PPO directo,0,D3,10,-367.90999361872673,243.52783203125,607.5,1144,269.2730816941343,140.4038631933369,3.7127414495835547,5957,5643,668.8703548195039,213.34862264343505,3774.43541224646,0,6904,6649,255,19.083959102630615
PPO directo,0,D4,9,-3.179999463260174,113.24747467041016,555.0,1233,200.00064766839378,84.8160621761658,2.528497409326425,4741,4632,486.95209941892807,155.32146087660124,2255.562124508475,0,4937,4937,0,13.18231725692749
PPO directo,0,D4,10,-9.599995166063309,99.83604431152344,592.5,1260,188.19387978142078,74.90491803278688,2.382295081967213,4668,4575,456.1797894949119,145.5058832933707,2087.022536939222,0,4861,4861,0,11.085568189620972
PPO directo,0,D5,9,-28.779997795820236,103.12760162353516,517.5,1247,179.15873666940115,67.79306808859721,2.2124692370795733,5149,4876,432.58558587650924,137.97996369930394,2109.287316733859,0,5586,5586,0,11.979823112487793
PPO directo,0,D5,10,0.45999814569950104,94.29759979248047,367.5,1224,173.94139344262294,63.11598360655738,2.1346311475409836,5131,4880,419.6586380972736,133.85655493314775,2047.9341539146951,0,5522,5522,0,11.472352743148804
PPO directo,1,D1,9,4.729999303817749,33.87705612182617,142.5,1469,154.57297785811116,48.719385449615906,1.905106190691369,2322,2213,368.30760616034706,117.47699808694081,815.0647324328481,0,2507,2507,0,7.479124546051025
PPO directo,1,D1,10,7.279994882643223,32.66742706298828,120.0,1461,152.79890059551076,48.4722858451672,1.8923499770957397,2276,2183,362.57387396003753,115.6481881672272,791.498766854762,0,2446,2446,0,5.49940037727356
PPO directo,1,D2,9,35.060003409162164,73.26431274414062,247.5,1333,166.31543942992874,57.03087885985748,2.045368171021378,4421,4210,398.48871484872853,127.10394801657598,1677.637489513147,0,4725,4725,0,9.852435111999512
PPO directo,1,D2,10,-10.999985873699188,72.16168212890625,232.5,1333,165.40514075887393,57.173317013463894,2.0090575275397797,4275,4085,396.8209221892556,126.57198683253219,1621.013467143109,0,4624,4624,0,9.764169454574585
PPO directo,1,D3,9,-225.80000868439674,185.20704650878906,547.5,1206,221.01507452574526,100.94071815718158,2.877371273712737,6231,5904,542.9799248881269,173.19280470539397,3205.753476539501,0,7000,6875,125,18.361485481262207
PPO directo,1,D3,10,-239.11001378297806,208.97909545898438,772.5,1187,246.11404582823158,119.73237712086758,3.425223019065944,6031,5717,607.1632626625911,193.66563395982774,3471.1523726420332,0,6904,6673,231,17.561426162719727
PPO directo,1,D4,9,-8.740003295242786,113.8716049194336,592.5,1303,200.9108225108225,85.18095238095238,2.622943722943723,4729,4620,489.6387910413199,156.17843555013852,2262.131214610898,0,4937,4937,0,11.660489797592163
PPO directo,1,D4,10,-42.10000196099281,112.5326919555664,570.0,1238,200.0138644366197,84.45356514084507,2.5721830985915495,4637,4544,485.8740845439925,154.9776318724518,2207.811840167902,0,4861,4861,0,11.259231328964233
PPO directo,1,D5,9,6.219989448785782,98.60115051269531,367.5,1285,176.43139250814332,65.73350977198697,2.2107084690553744,5185,4912,425.9851959700743,135.87460640391959,2092.439282605005,0,5586,5585,1,13.425472497940063
PPO directo,1,D5,10,3.2399941086769104,105.21993255615234,307.5,1279,183.95579205894393,71.61481784690953,2.301882930822759,5137,4886,445.8182860723553,142.20080453685713,2178.268145749528,0,5522,5522,0,11.86485242843628
PPO directo,2,D1,9,8.170006159693003,33.97810745239258,172.5,1499,155.66289592760182,49.43710407239819,1.93710407239819,2319,2210,371.0811185362321,118.36166768778101,820.089271965073,0,2507,2507,0,5.761887788772583
PPO directo,2,D1,10,3.240000132471323,31.70893669128418,127.5,1498,151.1846929422548,46.81393217231897,1.8868010999083409,2275,2182,358.39173191317144,114.31418280876076,782.01075903454,0,2446,2446,0,5.468995094299316
PPO directo,2,D2,9,30.699995666742325,72.9091567993164,277.5,1314,165.9210088032358,56.41137282893172,2.0689983345229597,4414,4203,397.9305458044806,126.92588963621652,1672.5020840162317,0,4725,4725,0,11.731303691864014
PPO directo,2,D2,10,-0.10000095330178738,71.50039672851562,247.5,1342,165.93675213675215,57.036141636141636,2.0735042735042737,4285,4095,398.7163131759959,127.17653067673382,1632.743302455703,0,4624,4624,0,9.678880214691162
PPO directo,2,D3,9,-396.24999395012856,258.8250427246094,705.0,1181,275.85966735966736,145.1283783783784,3.773735273735274,6099,5772,686.5718746732892,218.99488934606916,3962.8928606142254,0,7000,6868,132,19.845778226852417
PPO directo,2,D3,10,-248.96999943256378,209.43382263183594,630.0,1246,245.10633839706654,120.09202025493278,3.3335079448227694,6041,5727,606.7174092003993,193.5233852202441,3474.6706024906866,0,6904,6675,229,17.763111352920532
PPO directo,2,D4,9,-4.260016664862633,130.81533813476562,705.0,1347,218.4638684552142,98.39961055819991,2.990913024664647,4731,4622,535.5632099496873,170.82710369143965,2475.373156387455,0,4937,4937,0,14.270981073379517
PPO directo,2,D4,10,-24.70000495761633,108.27372741699219,600.0,1366,196.92375109553024,81.46209465381244,2.6349693251533743,4657,4564,479.4998498665,152.94435937556483,2188.4373147907063,0,4861,4861,0,11.339776515960693
PPO directo,2,D5,9,-43.829994060099125,124.4090576171875,600.0,1384,200.88086264656616,84.62667504187604,2.7326214405360134,5049,4776,489.828996930607,156.239095136857,2339.423289340579,0,5586,5520,66,12.827093839645386
PPO directo,2,D5,10,-89.57999516651034,108.53972625732422,547.5,1347,186.9050186644546,72.88324346744089,2.4823724595603482,5073,4822,454.2187821597306,144.88030619753525,2190.242967574221,0,5522,5495,27,12.099576950073242
Tiempo fijo,0,D1,9,-1.9300066605210304,46.91252136230469,187.5,1120,173.25226860254082,67.87205081669691,1.7994555353901995,2313,2204,414.58734787332895,132.23918942497005,913.750514712817,0,2507,2507,0,5.059879779815674
Tiempo fijo,0,D1,10,-7.819991692900658,45.280860900878906,157.5,1120,169.89006928406465,66.35519630484988,1.7713625866050808,2258,2165,405.5528230724162,129.3575068146453,878.0218619517809,0,2446,2446,0,4.575650930404663
Tiempo fijo,0,D2,9,-5.380011931061745,97.19833374023438,270.0,1120,185.455223880597,76.47568608570053,1.984593163216177,4365,4154,447.5185012154468,142.74330051580333,1858.991854048966,0,4725,4725,0,9.086148500442505
Tiempo fijo,0,D2,10,-28.829991325736046,94.49524688720703,292.5,1120,184.87490765821227,76.4328983009111,1.9780842157104161,4251,4061,447.1012082678887,142.61018167481507,1815.6780067758962,0,4624,4624,0,8.762815713882446
Tiempo fijo,0,D3,9,-761.0899588018656,289.85040283203125,825.0,1120,289.1879971077368,160.56507592190889,3.6431670281995663,5859,5532,719.8557505437666,229.6117505487755,3982.2420120081165,0,7000,6689,311,19.67675495147705
Tiempo fijo,0,D3,10,-635.5599654763937,280.9580078125,682.5,1120,283.49137471100835,156.0871420949671,3.6117730748710652,5937,5623,706.0369178056845,225.20390595345154,3970.045588821364,0,6904,6700,204,18.673231840133667
Tiempo fijo,0,D4,9,-79.78999969363213,148.59420776367188,570.0,1120,226.5355969331873,110.33734939759036,2.6736035049288063,4674,4565,555.9438053768265,177.32814643502476,2537.883471545213,0,4937,4937,0,13.060699701309204
Tiempo fijo,0,D4,10,-49.79001422226429,151.7520294189453,525.0,1120,230.47380057483971,113.51050187928367,2.732478443510944,4616,4523,566.0230248724939,180.543151718375,2560.12214149829,0,4861,4861,0,12.848914384841919
Tiempo fijo,0,D5,9,-64.75999492406845,142.85366821289062,427.5,1120,208.8978539001238,95.57882789929839,2.399711101939744,5119,4846,510.15480767852307,162.72262946317912,2472.210198010123,0,5586,5579,7,12.2071692943573
Tiempo fijo,0,D5,10,-26.129983261227608,125.0242691040039,315.0,1120,197.05471814990707,85.56370018583523,2.200702044187487,5094,4843,479.892397191298,153.06965459255957,2324.1188795974563,0,5522,5522,0,11.503463745117188
WM + LSTM,0,D1,9,-0.2999919578433037,43.999900817871094,217.5,1231,171.09066305818675,64.3766350924673,1.8962562020748759,2326,2217,411.0085014869621,131.0975259531597,911.205847796595,0,2507,2507,0,8.139125347137451
WM + LSTM,0,D1,10,1.28000034019351,40.73211669921875,262.5,1238,165.08444240477283,60.35429095915558,1.8338687471317119,2272,2179,394.8003517687912,125.92762779863517,860.269966504196,0,2446,2446,0,5.786270380020142
WM + LSTM,0,D2,9,10.929996408522129,83.25787353515625,330.0,1145,174.27983735948337,64.84979669935421,1.983257593877063,4392,4181,419.13962299173573,133.69108198431763,1752.422763728447,0,4725,4725,0,10.19591498374939
WM + LSTM,0,D2,10,-4.10000167787075,83.4228286743164,427.5,1154,176.34949791819741,67.0105314719569,2.0183688464364438,4273,4083,425.6022861964541,135.7524935414117,1737.734134540122,0,4624,4624,0,9.90485668182373
WM + LSTM,0,D3,9,-301.66998678445816,225.1233367919922,682.5,1131,249.4028087001199,124.37574927213564,3.2450762116800824,6166,5839,617.4805150680423,196.9565584270656,3605.4687274822995,0,7000,6828,172,20.676104068756104
WM + LSTM,0,D3,10,-211.14000770449638,214.39271545410156,757.5,1143,245.05474079126876,120.47015688949523,3.1971350613915415,6178,5864,606.9392218210718,193.59412964996895,3559.0915967587653,0,6904,6825,79,18.112751960754395
WM + LSTM,0,D4,9,-11.160009905695915,122.97354888916016,652.5,1158,206.84351972258344,91.54139575205895,2.4906805374945815,4723,4614,504.9601867311942,161.06559726522735,2329.88630157773,0,4937,4937,0,11.88776159286499
WM + LSTM,0,D4,10,-81.55999190732837,113.49415588378906,652.5,1150,197.0145214521452,83.78745874587459,2.2688668866886688,4638,4545,479.00126390059165,152.78539197189946,2177.060744428189,0,4861,4861,0,11.752293825149536
WM + LSTM,0,D5,9,-59.419991567730904,125.68109893798828,622.5,1132,196.82178423236513,83.85705394190872,2.275726141078838,5093,4820,479.40356755157336,152.9137017430944,2310.7251955985835,0,5586,5512,74,14.531741857528687
WM + LSTM,0,D5,10,-178.20999785512686,137.53665161132812,667.5,1131,207.7523148148148,92.65972222222223,2.4071969696969697,5003,4752,508.46940874356955,162.18492232090782,2416.2466303494425,0,5522,5452,70,13.37979245185852
WM + LSTM,1,D1,9,-185.05996815115213,85.43045043945312,607.5,1078,237.86519017814155,127.15021665864228,2.2561386615310544,2186,2077,584.0984316422818,186.30896153516417,1213.172442521019,0,2507,2428,79,7.446321487426758
WM + LSTM,1,D1,10,-247.81003618985415,71.73370361328125,622.5,1094,209.09562710235463,102.19557904853436,2.0365209034118212,2174,2081,509.399153147358,162.4818222732547,1060.059637699652,0,2446,2412,34,6.629725217819214
WM + LSTM,1,D2,9,-299.0999893993139,158.12710571289062,952.5,1028,246.3715548621945,129.6786271450858,2.609204368174727,4057,3846,604.1275595377608,192.6976908402826,2323.4745939822283,0,4725,4482,243,14.806796312332153
WM + LSTM,1,D2,10,-201.02001449465752,145.4364013671875,900.0,1048,239.33794571580628,123.98243746673762,2.5361894624800425,3948,3758,587.8038350193502,187.49078793899895,2208.966812002718,0,4624,4371,253,12.78881573677063
WM + LSTM,1,D3,9,-851.1599954366684,255.23182678222656,990.0,1003,267.9881756756757,144.23216966966967,3.1462087087087087,5655,5328,661.5863825886522,211.02544847684047,3524.9322464323386,0,7000,6436,564,20.19048261642456
WM + LSTM,1,D3,10,-717.5600130110979,245.87576293945312,982.5,997,264.3150074294205,140.2098811292719,3.1608469539375927,5698,5384,651.6012050206858,207.84041609278862,3508.2208878313722,0,6904,6436,468,20.01116180419922
WM + LSTM,1,D4,9,-572.5499840602279,170.80592346191406,967.5,1033,243.95889760038014,125.43549536707056,2.720598717034925,4318,4209,597.6007683746451,190.61575525492208,2515.301634088881,2,4937,4672,265,15.482354164123535
WM + LSTM,1,D4,10,-432.35995841026306,143.38568115234375,960.0,1045,223.51695934568198,108.17656964156843,2.45681982198701,4250,4157,544.6361582133566,173.72139660665624,2264.052509692923,0,4861,4549,312,14.525722742080688
WM + LSTM,1,D5,9,-315.3099859803915,158.92213439941406,975.0,1041,230.87555659714084,115.61143660651511,2.4973048980548396,4540,4267,564.0808663077504,179.92379442591516,2406.933056535171,0,5586,5034,552,14.762491226196289
WM + LSTM,1,D5,10,-547.9499657601118,190.94610595703125,982.5,1008,258.0666507405638,139.22623029144768,2.7945532728141425,4437,4186,633.7097373948836,202.13366953225346,2652.708960734983,1,5522,4982,540,15.853295803070068
WM + LSTM,2,D1,9,-13.989997118711472,47.62730407714844,232.5,1111,175.9046754425783,69.11075805719473,1.9473445301861099,2312,2203,424.00743610581753,135.24385550935543,934.0883817411161,0,2507,2507,0,7.957876920700073
WM + LSTM,2,D1,10,-16.379994094371796,47.9794921875,225.0,1107,176.9334872979215,71.63279445727483,1.9653579676674364,2258,2165,426.29013743672425,135.9720824240379,922.918147550508,0,2446,2446,0,5.971486330032349
WM + LSTM,2,D2,9,-115.41998866200447,128.3871612548828,712.5,1019,216.92416007905138,103.5340909090909,2.2892786561264824,4259,4048,531.268530397402,169.4573705892065,2150.575011048683,0,4725,4673,52,11.996805191040039
WM + LSTM,2,D2,10,-114.51999551057816,120.0668716430664,705.0,1009,211.3084252758275,98.89042126379137,2.2582748244734203,4178,3988,517.9424466402305,165.20665564735984,2065.554477201239,0,4624,4544,80,11.468225240707397
WM + LSTM,2,D3,9,-237.99998910725117,223.8438720703125,960.0,995,249.2866941015089,125.76526063100137,2.988511659807956,6159,5832,617.5889348005336,196.9911375829072,3601.778667756712,0,7000,6789,211,20.415199756622314
WM + LSTM,2,D3,10,-152.98999553918839,187.0972900390625,855.0,976,228.17589634362798,110.09158679446219,2.624245651402201,5948,5634,561.6121665043178,179.13610166705982,3164.1229460853265,0,6904,6528,376,17.357997179031372
WM + LSTM,2,D4,9,-101.32000459730625,137.10719299316406,690.0,1019,220.49483378256963,104.80480682839173,2.497079964061096,4561,4452,540.7995100089727,172.49745173609975,2407.639418559946,0,4937,4806,131,12.519047260284424
WM + LSTM,2,D4,10,-124.40000099688768,142.36477661132812,892.5,1017,224.12472209871055,107.03534904401957,2.54290795909293,4591,4498,551.3733140892233,175.8701607038704,2480.077166773326,0,4861,4848,13,12.744871854782104
WM + LSTM,2,D5,9,-92.19000666588545,160.2090301513672,810.0,1029,226.31521062461093,109.33409421041709,2.629591201494086,5092,4819,557.1239364744183,177.70448678645405,2684.780249870222,0,5586,5547,39,16.020761013031006
WM + LSTM,2,D5,10,-165.02000834047794,157.08985900878906,682.5,1039,227.034693019344,108.84987384356602,2.6755677039529018,5007,4756,560.1710407159591,178.67636207018165,2664.1734696451017,0,5522,5501,21,14.017833471298218
WM + LSTM,3,D1,9,-0.9500000923871994,45.579551696777344,187.5,1039,172.005444646098,65.77994555353902,1.8425589836660616,2313,2204,413.0604045892273,131.75205621288927,910.385131714657,0,2507,2507,0,6.0022666454315186
WM + LSTM,3,D1,10,-0.8600035235285759,43.92559814453125,187.5,1059,169.40046082949308,64.76451612903226,1.8304147465437788,2263,2170,405.444582944306,129.32290371205943,879.814744989144,0,2446,2446,0,5.835706472396851
WM + LSTM,3,D2,9,1.130011796951294,88.01615142822266,315.0,1057,178.60014340344168,69.16826003824092,1.9631931166347993,4395,4184,430.02871112215655,137.164445179239,1799.240127335103,0,4725,4725,0,11.956610202789307
WM + LSTM,3,D2,10,-37.5899991132319,84.06330871582031,300.0,1052,175.40552432168175,67.13957467611831,1.8966022977267172,4281,4091,421.6169007159164,134.48132550647128,1724.834740828814,0,4624,4624,0,9.866164207458496
WM + LSTM,3,D3,9,-75.80999526381493,174.537353515625,607.5,1038,215.50008312551952,96.4064837905237,2.627763923524522,6342,6015,528.9376191127781,168.7136357228565,3181.55977896336,0,7000,6935,65,16.678428173065186
WM + LSTM,3,D3,10,-61.410002149641514,168.59323120117188,577.5,1037,211.28966206092892,94.00316297652738,2.5606792075911438,6321,6007,517.5269202338285,165.073978661574,3108.784209844608,0,6904,6899,5,16.069693326950073
WM + LSTM,3,D4,9,-21.789998039603233,118.95680236816406,547.5,1043,201.89913043478262,88.09260869565217,2.3384782608695653,4709,4600,491.0131693813247,156.61691031907304,2258.6605791540937,0,4937,4937,0,13.179635524749756
WM + LSTM,3,D4,10,-19.270013749599457,106.76094818115234,607.5,1062,193.2099519860323,80.36577913574858,2.244652989960716,4675,4582,468.71223610707705,149.50344709549213,2147.639465842627,0,4861,4861,0,11.253002882003784
WM + LSTM,3,D5,9,-93.54000195860863,137.13839721679688,667.5,1080,206.58415841584159,91.57384488448845,2.4455445544554455,5121,4848,503.47683297667083,160.59247551552,2440.8556862709,0,5586,5586,0,13.144691944122314
WM + LSTM,3,D5,10,-91.73998991400003,114.72310638427734,495.0,1055,188.82679941920765,76.77079444098734,2.1870981124248083,5072,4821,458.76577723933394,146.33074548378366,2211.709812070829,0,5522,5522,0,12.269744634628296
WM + LSTM,4,D1,9,-148.7599900253117,77.82048797607422,472.5,1066,227.88210818307905,115.30235783633842,2.454461396208969,2272,2163,559.5742073624702,178.486229209957,1210.359010525023,0,2507,2502,5,9.305753469467163
WM + LSTM,4,D1,10,-119.38000512123108,65.79552459716797,420.0,1080,208.00234411626818,99.9254571026723,2.20393811533052,2226,2133,507.7912512399934,161.9688836164196,1083.1187388949058,0,2446,2446,0,6.615431070327759
WM + LSTM,4,D2,9,-372.65000124275684,168.22618103027344,667.5,1186,257.49513568868406,135.9436763952893,3.1451612903225805,4117,3906,633.7465275199556,202.14529036838223,2475.413936492947,0,4725,4576,149,13.683061122894287
WM + LSTM,4,D2,10,-158.4399893283844,132.86753845214844,607.5,1152,229.89678599425136,113.70499085445519,2.6893127776326105,4017,3827,564.443102253468,180.03922932833945,2160.1237523240225,0,4624,4408,216,12.279060125350952
WM + LSTM,4,D3,9,-383.1700041741133,242.5767822265625,772.5,1175,281.1831039755352,148.098623853211,3.974006116207951,5559,5232,695.5964684868688,221.87361464033754,3639.360723123298,0,7000,6255,745,21.99909543991089
WM + LSTM,4,D3,10,-319.6299952864647,239.11581420898438,802.5,1177,279.49537648612943,146.80807699565955,3.9681071900358558,5613,5299,690.9662429292063,220.39671791206945,3661.430121281864,0,6904,6280,624,20.314937829971313
WM + LSTM,4,D4,9,-296.1900154724717,167.66891479492188,690.0,1148,251.82943925233644,128.5018691588785,3.2628504672897196,4389,4280,619.1368162483673,197.48509694124112,2649.905573543012,0,4937,4728,209,14.228403806686401
WM + LSTM,4,D4,10,-456.86999866366386,169.99900817871094,675.0,1154,250.03169347209084,127.90326395458845,3.165562913907285,4321,4228,615.1264429267126,196.2058975768205,2600.7546006941407,0,4861,4681,180,13.98862910270691
WM + LSTM,4,D5,9,-203.0799974501133,196.4176788330078,690.0,1185,267.125,140.18242049469964,3.556537102473498,4801,4528,659.1316218647798,210.24238660176945,2984.547983803723,0,5586,5287,299,18.05648899078369
WM + LSTM,4,D5,10,-315.97997695207596,182.41331481933594,675.0,1176,252.72717295873574,128.2941176470588,3.2963125548726953,4807,4556,623.9864278687763,199.03187973522893,2842.882165370145,0,5522,5301,221,15.41195797920227
WM + LSTM + planificación,0,D1,9,-5.860004048794508,49.00485610961914,210.0,1046,178.17947558770342,71.52848101265823,1.885623869801085,2321,2212,429.2803730635606,136.9258160698775,949.568185216596,0,2507,2507,0,17.18644070625305
WM + LSTM + planificación,0,D1,10,-4.819997034966946,46.61383056640625,187.5,1056,173.18931368033165,68.76923076923077,1.7959465684016582,2264,2171,415.2391021601764,132.44713074037264,901.484090789743,0,2446,2446,0,16.999998807907104
WM + LSTM + planificación,0,D2,9,-3.240001767873764,97.53714752197266,382.5,999,186.94185211773151,76.8707824838478,2.044268963866954,4390,4179,452.5146945258174,144.33689932878127,1891.058908423391,0,4725,4725,0,23.40809416770935
WM + LSTM + planificación,0,D2,10,-22.199998132884502,98.02308654785156,472.5,982,189.11525257479155,79.61378126532614,2.015693967631192,4268,4078,458.5377928658217,146.2581275609811,1869.917119306821,0,4624,4624,0,21.456156015396118
WM + LSTM + planificación,0,D3,9,-105.45998556911945,196.5662841796875,742.5,938,226.16578860717814,107.83240039512677,2.560586104708594,6401,6074,557.428099659538,177.8014146093367,3385.818277332034,0,7000,7000,0,28.677594661712646
WM + LSTM + planificación,0,D3,10,-190.26000670343637,189.07073974609375,652.5,925,221.47704253882512,104.71185010128292,2.50067521944632,6238,5924,544.4803458891598,173.67146738685955,3225.501569047383,0,6904,6904,0,27.99581027030945
WM + LSTM + planificación,0,D4,9,-35.13000011444092,124.72112274169922,585.0,964,206.24387068778478,93.10305923193751,2.2764157083966152,4718,4609,503.3671132511071,160.5574900879818,2320.0190249743528,0,4937,4937,0,24.559964179992676
WM + LSTM + planificación,0,D4,10,-35.6100055873394,116.7277603149414,555.0,993,201.00394736842105,87.50241228070175,2.2754385964912283,4653,4560,489.63028525410743,156.17576047482436,2232.71410075873,0,4861,4861,0,22.592193841934204
WM + LSTM + planificación,0,D5,9,-97.67999015375972,135.13522338867188,585.0,955,203.04594149155335,89.89699217140503,2.273382777091059,5127,4854,495.74580169197435,158.1264651191603,2406.3501214128437,0,5586,5586,0,24.314563751220703
WM + LSTM + planificación,0,D5,10,-117.76001720130444,132.2567901611328,585.0,989,202.53973853496575,88.87383274538286,2.257729819464619,5070,4819,494.6917394756192,157.79020316808425,2383.919492533009,0,5522,5522,0,23.985806703567505
WM + LSTM + planificación,1,D1,9,2.100004030391574,46.95264434814453,202.5,1002,174.96240942028984,68.64447463768116,1.8591485507246377,2317,2208,420.76207288750635,134.208701795582,929.0426569356141,0,2507,2507,0,19.03201651573181
WM + LSTM + planificación,1,D1,10,-4.539996236562729,44.8023567199707,187.5,1033,170.12160294795027,65.66651312759097,1.7927222478120681,2264,2171,407.23614018753483,129.89437389898524,884.1096603471381,0,2446,2446,0,16.813772678375244
WM + LSTM + planificación,1,D2,9,0.4900006577372551,89.87963104248047,285.0,1018,179.73988992581957,70.2790141182101,1.9715242881072026,4390,4179,433.4818761449835,138.26590949461928,1811.520760409886,0,4725,4725,0,21.194448947906494
WM + LSTM + planificación,1,D2,10,-14.079992517828941,90.54240417480469,330.0,1007,181.93580004900758,72.79563832394021,1.9639794168096054,4271,4081,439.68646394401867,140.24502011400367,1794.3604593555401,0,4624,4624,0,21.072385787963867
WM + LSTM + planificación,1,D3,9,-67.47999325022101,177.94332885742188,607.5,962,214.057626005582,97.2080118207191,2.4912165490067313,6418,6091,525.5160137106353,167.62228836419044,3200.91803951148,0,7000,7000,0,29.481166124343872
WM + LSTM + planificación,1,D3,10,-73.12001218274236,177.36972045898438,600.0,979,215.9061876247505,98.91799733865602,2.545242847638057,6326,6012,530.5812312792208,169.23796220136094,3189.854362450675,0,6904,6904,0,27.853341341018677
WM + LSTM + planificación,1,D4,9,-10.760014303028584,114.00089263916016,585.0,1005,197.39384081544134,84.87855129039254,2.229017566688354,4720,4611,480.73884009785496,153.33962739919954,2216.6867916912092,0,4937,4937,0,22.569885969161987
WM + LSTM + planificación,1,D4,10,-32.91000084578991,120.28829193115234,547.5,982,204.29903677758318,90.67753940455341,2.3066987740805605,4661,4568,498.1337384309622,158.88815614049014,2275.4749171526355,0,4861,4861,0,22.83125352859497
WM + LSTM + planificación,1,D5,9,-22.220000341534615,127.69912719726562,570.0,980,198.10030581039754,85.70152905198776,2.214067278287462,5178,4905,482.5972468594203,153.93242047713315,2367.1394958454566,0,5586,5586,0,25.62498116493225
WM + LSTM + planificación,1,D5,10,-72.24001003429294,124.68099975585938,540.0,1004,196.9141914191419,84.4358498349835,2.222359735973597,5099,4848,480.0346202913153,153.11497005840326,2327.2078391722966,0,5522,5522,0,23.606493711471558
WM + LSTM + planificación,2,D1,9,-7.949993766844273,47.98246383666992,240.0,1070,176.79483695652175,69.91394927536231,1.9293478260869565,2317,2208,426.20103234188537,135.94356693581838,941.051879410883,0,2507,2507,0,17.107971906661987
WM + LSTM + planificación,2,D1,10,-20.47999383509159,46.01347351074219,172.5,1047,172.16528162511543,67.55401662049861,1.8476454293628808,2259,2166,412.53003631929175,131.5829988140711,893.540058667586,0,2446,2446,0,16.831007957458496
WM + LSTM + planificación,2,D2,9,-53.64000082761049,103.39805603027344,405.0,978,192.96362322331967,82.24307395808239,2.0739580823897854,4362,4151,468.3911111299415,149.40106794306024,1944.2915023003873,0,4725,4725,0,23.364933490753174
WM + LSTM + planificación,2,D2,10,-35.38999271392822,98.6828842163086,457.5,983,189.49975381585426,79.88970950270803,2.039635647464303,4252,4062,459.7823488134751,146.6551077792868,1867.6359008803358,0,4624,4624,0,21.409859895706177
WM + LSTM + planificación,2,D3,9,-91.51000306010246,188.7363739013672,547.5,916,220.6986368861882,104.05682378058795,2.447528329775004,6416,6089,542.4608000918256,173.02727759928297,3303.0438117591266,0,7000,7000,0,28.008442640304565
WM + LSTM + planificación,2,D3,10,-124.9000043720007,180.14710998535156,607.5,945,217.32267247153382,100.61286001339585,2.5068653717347624,6286,5972,533.8868902836036,170.2924033201865,3188.3725087736807,0,6904,6904,0,27.90526795387268
WM + LSTM + planificación,2,D4,9,-14.969988472759724,118.9315414428711,727.5,959,201.39391965255157,89.05776330076004,2.1895765472312703,4714,4605,490.69180265362996,156.5143911717631,2259.635751219966,0,4937,4937,0,24.414308547973633
WM + LSTM + planificación,2,D4,10,-51.39999070763588,115.56865692138672,442.5,964,198.54309586631487,86.50109938434477,2.178979771328056,4641,4548,482.99074795675637,154.05795856419041,2196.641921707328,0,4861,4861,0,22.78306221961975
WM + LSTM + planificación,2,D5,9,-54.069998413324356,127.36180114746094,450.0,948,196.9688205128205,85.31548717948718,2.1565128205128206,5148,4875,479.7587486099809,153.02702258554484,2338.823899473657,0,5586,5586,0,23.983654022216797
WM + LSTM + planificación,2,D5,10,-51.65998952835798,134.62551879882812,510.0,967,206.780206185567,92.41319587628865,2.3445360824742267,5101,4850,506.05675531573036,161.41533804010413,2454.375263281292,0,5522,5522,0,24.41962170600891
WM + LSTM + planificación,3,D1,9,-8.789997227489948,48.56350326538086,217.5,1014,177.01952770208902,70.40599455040872,1.9000908265213443,2311,2202,426.3753683299237,135.99918969840508,938.8785610624919,0,2507,2507,0,18.98552417755127
WM + LSTM + planificación,3,D1,10,-14.9199950248003,45.49336242675781,195.0,992,171.61577490774908,66.76383763837639,1.852859778597786,2261,2168,411.5496964442814,131.27026816640546,892.239741891202,0,2446,2446,0,16.84318470954895
WM + LSTM + planificación,3,D2,9,-22.71999542415142,95.30216217041016,382.5,968,184.59875359539788,74.65939597315436,1.9808245445829338,4383,4172,445.9585047278859,142.24564044755346,1860.53888172474,0,4725,4725,0,21.675845861434937
WM + LSTM + planificación,3,D2,10,-48.90000919252634,95.13126373291016,405.0,998,186.55167322834646,76.96825787401575,2.050196850393701,4254,4064,452.3013331945224,144.26883808584302,1838.1526181025388,0,4624,4624,0,21.282350301742554
WM + LSTM + planificación,3,D3,9,-115.12999115884304,194.89002990722656,555.0,908,224.81552917903068,106.65990768216288,2.535443455324761,6393,6066,553.617913013678,176.58606224588442,3358.246260340971,0,7000,6998,2,30.412476539611816
WM + LSTM + planificación,3,D3,10,-69.02999947965145,164.2436065673828,525.0,947,206.4214380825566,91.31391478029295,2.3325565912117177,6322,6008,504.94644973082393,161.0611562725759,3033.71826998279,0,6904,6904,0,27.126367807388306
WM + LSTM + planificación,3,D4,9,-23.56001625955105,112.93094635009766,705.0,979,196.32618118768963,83.94711746857391,2.1974425661031645,4723,4614,477.1537272249101,152.19607832395818,2201.587297415735,0,4937,4937,0,22.31817865371704
WM + LSTM + planificación,3,D4,10,-18.41000545024872,116.10362243652344,562.5,981,200.61617486338798,87.82579234972678,2.2402185792349725,4668,4575,488.98975223577514,155.97145399513116,2237.1281164786715,0,4861,4861,0,22.36401891708374
WM + LSTM + planificación,3,D5,9,-4.300001800060272,127.59807586669922,562.5,962,198.32809951060358,85.72920065252855,2.2416394779771616,5177,4904,483.26586432830777,154.1456964893697,2369.935798666021,0,5586,5586,0,25.607842922210693
WM + LSTM + planificación,3,D5,10,-49.709999211132526,127.22211456298828,517.5,959,199.44887883151614,86.32791606665295,2.250977165192347,5112,4861,486.9149642448405,155.30960778835055,2366.89364119417,0,5522,5522,0,24.07620072364807
WM + LSTM + planificación,4,D1,9,-5.659995224326849,49.122249603271484,210.0,983,177.5205603253502,71.22910076818798,1.8572074107546317,2322,2213,427.3252623508798,136.30220327706056,945.670805582497,0,2507,2507,0,17.123222589492798
WM + LSTM + planificación,4,D1,10,-23.489993780851364,47.373191833496094,195.0,964,173.6105457909343,69.30758556891767,1.772895467160037,2255,2162,416.04517127581175,132.70425712642648,899.489660298305,0,2446,2446,0,17.008487224578857
WM + LSTM + planificación,4,D2,9,-36.3100089430809,98.48374938964844,382.5,947,187.11330761812923,77.54194792671167,1.9570877531340405,4359,4148,451.97455714640046,144.16465079457353,1874.790463043269,0,4725,4725,0,23.025853872299194
WM + LSTM + planificación,4,D2,10,-39.89999783784151,98.13304901123047,337.5,932,189.1306594488189,79.67888779527559,1.9891732283464567,4254,4064,458.38157613498447,146.20830351063165,1862.862725412577,0,4624,4624,0,21.37721562385559
WM + LSTM + planificación,4,D3,9,-65.21001078933477,197.87249755859375,667.5,861,227.47993421052632,108.97598684210526,2.580592105263158,6407,6080,560.3077569174919,178.71996512035096,3406.671162058351,0,7000,7000,0,28.23403024673462
WM + LSTM + planificación,4,D3,10,-102.63000640273094,191.59698486328125,705.0,899,225.2581885026738,107.6086229946524,2.486798128342246,6298,5984,554.4317509884328,176.84568454521175,3317.719597914782,0,6904,6904,0,28.06157898902893
WM + LSTM + planificación,4,D4,9,-47.109994158148766,123.83247375488281,645.0,909,205.15411406181977,92.22115803221594,2.195472355245973,4703,4594,500.3628144554725,159.59919985108772,2298.666769608441,0,4937,4937,0,24.611027717590332
WM + LSTM + planificación,4,D4,10,-24.829991683363914,121.92440795898438,532.5,932,205.19010074463426,92.26631625054752,2.207402540516864,4659,4566,500.21035106053176,159.55056888202782,2283.960462942388,0,4861,4861,0,22.632906436920166
WM + LSTM + planificación,4,D5,9,-33.700005412101746,129.21636962890625,487.5,908,197.55864323661626,86.23784225582345,2.094809971393543,5167,4894,480.5153504974408,153.2683895060051,2351.642125334475,0,5586,5586,0,23.724605321884155
WM + LSTM + planificación,4,D5,10,-106.87998728454113,138.92312622070312,532.5,912,208.3905990016639,94.6526622296173,2.2759983361064893,5059,4808,509.61758136712956,162.55118974588663,2450.241331213159,0,5522,5522,0,24.154917001724243
WM + TSMixer,0,D1,9,10.109998725354671,34.96037292480469,157.5,1382,156.80243572395128,50.77086152458277,1.8944519621109608,2326,2217,373.62096129043476,119.17183276729274,828.3176711808939,0,2507,2507,0,5.926136493682861
WM + TSMixer,0,D1,10,7.1099990494549274,35.28730010986328,142.5,1378,156.1672777268561,51.92942254812099,1.8707607699358386,2275,2182,371.7084943793492,118.56190319693356,811.06793473574,0,2446,2446,0,5.643181800842285
WM + TSMixer,0,D2,9,26.470000250265002,73.76361846923828,240.0,1307,166.06788947117676,56.804907098618386,2.040495474035255,4409,4198,398.18468781808997,127.00696218351263,1671.5793194603416,0,4725,4725,0,11.429639339447021
WM + TSMixer,0,D2,10,-5.370003867894411,74.99554443359375,262.5,1318,168.22612942612943,59.57606837606838,2.039072039072039,4285,4095,404.10320256877463,128.8948425492259,1654.802614519132,0,4624,4624,0,9.713133811950684
WM + TSMixer,0,D3,9,-331.07998453080654,209.5690460205078,585.0,1173,245.4028024122029,119.38737140830082,3.324405817665839,5965,5638,605.2176056644257,193.04499931918056,3412.2168607360322,0,7000,6586,414,17.904804229736328
WM + TSMixer,0,D3,10,-337.54000474512577,196.65098571777344,622.5,1179,232.53068022440394,110.22194950911641,3.1064165497896212,6018,5704,572.6996381874256,182.6726423192349,3266.678736221076,0,6904,6648,256,17.05734086036682
WM + TSMixer,0,D4,9,-105.13000218570232,115.4349136352539,562.5,1287,200.91672159964844,84.46187651065699,2.6629312239068335,4660,4551,488.5019798462083,155.81583711849,2223.1725102800942,0,4937,4937,0,13.288985013961792
WM + TSMixer,0,D4,10,-73.96999482624233,118.35645294189453,555.0,1270,205.12820512820514,88.32957559681698,2.730769230769231,4617,4524,499.2456216519397,159.2428037903897,2258.587192353375,0,4861,4853,8,11.679139852523804
WM + TSMixer,0,D5,9,-79.00001648068428,131.5524139404297,637.5,1263,206.19445611087778,89.02183956320873,2.738765224695506,5035,4762,502.59827851943544,160.31219609345632,2393.3730023095513,0,5586,5497,89,13.046481132507324
WM + TSMixer,0,D5,10,-26.610024005174637,111.1298828125,330.0,1266,188.80947476828013,75.51184346035015,2.412358393408857,5106,4855,459.57825060399466,146.58985069416974,2231.252406682394,0,5522,5509,13,12.13110899925232
WM + TSMixer,1,D1,9,-0.3799984082579613,37.028926849365234,165.0,1404,159.72690401081567,53.63361874718342,1.90401081568274,2328,2219,381.5502417149153,121.7010674870676,846.659986365397,0,2507,2507,0,7.538029193878174
WM + TSMixer,1,D1,10,-4.420002117753029,36.930850982666016,172.5,1418,159.2581684307409,54.55821445006903,1.8955361251725724,2266,2173,379.820083268018,121.14928818787067,825.349040941403,0,2446,2446,0,5.6360273361206055
WM + TSMixer,1,D2,9,31.899992572143674,76.86199951171875,240.0,1401,170.5518474374255,60.421215733015494,2.1780691299165675,4406,4195,410.24849518946746,130.85500234482623,1720.9924373198162,0,4725,4725,0,9.846052646636963
WM + TSMixer,1,D2,10,-9.239999808371067,75.02229309082031,270.0,1383,168.93953488372094,59.938066095471235,2.093512851897185,4275,4085,406.461476386021,129.64705464389743,1660.3951310368957,0,4624,4624,0,9.471563577651978
WM + TSMixer,1,D3,9,-576.5600060522556,249.49424743652344,645.0,1276,274.58466569767444,142.71638808139534,3.982921511627907,5831,5504,681.5246446150096,217.38497709161572,3751.1116439610128,8,7000,6563,437,21.31630516052246
WM + TSMixer,1,D3,10,-452.7000087015331,256.4786071777344,705.0,1307,284.705731550998,150.75828602819996,4.2061893426112436,5775,5461,707.5833900944737,225.6970699297881,3864.1128933059204,2,6904,6482,422,19.728575229644775
WM + TSMixer,1,D4,9,-115.5899945832789,150.22885131835938,705.0,1374,235.74000441793683,111.97415506958251,3.3730947647448644,4636,4527,579.3138884554899,184.78247566309943,2622.553973038003,0,4937,4931,6,13.047262191772461
WM + TSMixer,1,D4,10,-29.44998399913311,130.16891479492188,622.5,1357,216.97432521395655,98.12771560236997,2.9596225587008997,4650,4557,531.0899329568117,169.40029039386044,2420.176824484191,2,4861,4861,0,12.313087940216064
WM + TSMixer,1,D5,9,-57.41000011190772,129.3411865234375,570.0,1369,204.78138663335415,87.56693733083489,2.782219446179471,5076,4803,499.4899108973672,159.32069455239017,2399.050042040055,0,5586,5528,58,14.804195642471313
WM + TSMixer,1,D5,10,-51.25000393204391,119.90043640136719,435.0,1363,196.41544193748706,81.21092941419995,2.6249223763196023,5082,4831,479.21065962659173,152.8520886887251,2315.066696656065,0,5522,5522,0,12.601893663406372
WM + TSMixer,2,D1,9,-2.0500045120716095,42.20328903198242,210.0,1222,167.6356624319419,60.98321234119782,1.9519056261343013,2313,2204,402.2966563457768,128.31865665749183,886.661830586092,0,2507,2507,0,5.9231555461883545
WM + TSMixer,2,D1,10,-5.470002017915249,40.619178771972656,150.0,1204,164.18729866543947,59.71790151863783,1.853658536585366,2266,2173,391.81025111219145,124.97389509755175,851.4036756667921,0,2446,2446,0,5.656254768371582
WM + TSMixer,2,D2,9,-15.679998576641083,99.46305084228516,397.5,1219,190.95680345572353,79.01487880969522,2.3597312215022797,4378,4167,463.52003144885987,147.84728077985503,1931.487971047399,0,4725,4725,0,12.172574758529663
WM + TSMixer,2,D2,10,-141.41000916808844,110.79403686523438,532.5,1223,203.73784722222223,89.52232142857143,2.588045634920635,4222,4032,496.2181572132423,158.27716046016616,2000.751609883793,0,4624,4624,0,11.112118482589722
WM + TSMixer,2,D3,9,-472.3899703025818,281.4320373535156,780.0,1170,307.8160181337363,171.31035134114092,4.288628636191915,5621,5294,766.3973492249158,244.45724486042045,4057.307566796704,2,7000,6349,651,21.06844973564148
WM + TSMixer,2,D3,10,-314.07000383734703,268.6625671386719,750.0,1191,298.8609395470709,163.75388358600037,4.146734044544264,5657,5343,744.2173508147961,237.38237270084764,3976.353305403455,0,6904,6394,510,20.89324975013733
WM + TSMixer,2,D4,9,-155.3500006943941,161.9744415283203,660.0,1218,244.86856247201075,121.57456336766681,3.309896999552172,4575,4466,603.6186953675533,192.53512373232803,2695.761093511493,0,4937,4884,53,15.05448842048645
WM + TSMixer,2,D4,10,-133.45998782664537,144.57598876953125,675.0,1209,231.82510194834617,110.469642048029,3.129134571816946,4507,4414,568.5393861684635,181.3457369539563,2509.5328505475977,0,4861,4781,80,13.034716367721558
WM + TSMixer,2,D5,9,-122.34997860342264,150.5944061279297,615.0,1207,226.62850262697023,106.15652364273205,3.0700525394045535,4841,4568,554.715294794624,176.93622921355254,2533.9394666218427,0,5586,5311,275,14.079940557479858
WM + TSMixer,2,D5,10,-120.05999739468098,143.87754821777344,600.0,1221,223.9905639675225,103.00614439324117,3.0309414088215934,4808,4557,548.3198637533461,174.89619228640686,2498.693619123998,0,5522,5249,273,13.749501466751099
WM + TSMixer,3,D1,9,-16.23000668734312,48.81612777709961,225.0,1242,177.77020890099908,70.87420526793824,1.961398728428701,2311,2202,429.88976072038963,137.12014447284426,946.6172531062979,0,2507,2507,0,7.907315015792847
WM + TSMixer,3,D1,10,-12.71999430283904,46.88726043701172,225.0,1247,174.9017074296262,69.65113059529303,1.9261652053530227,2260,2167,420.94275656604106,134.26639652766406,912.182953478611,0,2446,2446,0,5.907785654067993
WM + TSMixer,3,D2,9,-70.8399859815836,109.06132507324219,517.5,1265,202.6453516969995,87.51770782095426,2.5762420068863747,4277,4066,492.99776336395564,157.24992103444245,2004.5289058378437,0,4725,4631,94,11.347861051559448
WM + TSMixer,3,D2,10,-116.02000298723578,111.73171997070312,517.5,1258,207.38627152988855,92.0435663627153,2.689209726443769,4138,3948,506.0714732361955,161.4200988846568,1997.9701763365,0,4624,4541,83,11.026021480560303
WM + TSMixer,3,D3,9,-419.48999908566475,259.63641357421875,660.0,1264,302.3232065856527,163.21618972951782,4.543708349666797,5429,5102,749.2007104656096,238.9719789724998,3822.4220247955404,0,7000,6153,847,22.79756259918213
WM + TSMixer,3,D3,10,-419.25001326203346,248.79879760742188,675.0,1183,290.705095911645,154.99263708583607,4.292385196667312,5475,5161,719.7532807801668,229.5790411750957,3714.646682106441,0,6904,6173,731,20.034876585006714
WM + TSMixer,3,D4,9,-226.71999560296535,157.11065673828125,637.5,1222,244.50477299185098,119.91199068684517,3.3962747380675204,4404,4295,599.9968068145843,191.37987760864257,2576.986285268639,0,4937,4754,183,13.543976545333862
WM + TSMixer,3,D4,10,-251.40999644994736,167.53814697265625,607.5,1199,256.3762329732269,129.45608266791922,3.6326914044152185,4351,4258,630.9561296837685,201.25509364241876,2686.611200193486,0,4861,4724,137,13.815097332000732
WM + TSMixer,3,D5,9,-152.96999743580818,170.08816528320312,577.5,1243,248.14495657982633,122.62925851703407,3.5154753952349145,4764,4491,609.5141761845775,194.41566849571498,2737.3281652449377,0,5586,5259,327,16.67661166191101
WM + TSMixer,3,D5,10,-179.26999569684267,164.8855743408203,592.5,1237,245.21581769436997,120.35277033065236,3.4492850759606792,4727,4476,603.512076531791,192.50109397263137,2701.3200545562963,0,5522,5205,317,14.784096240997314
WM + TSMixer,4,D1,9,-2.469999708235264,38.36189651489258,172.5,1349,161.16824966078698,55.00814111261872,1.9412030755314338,2320,2211,386.0120802014351,123.12427317336723,853.472709325373,0,2507,2507,0,5.866043329238892
WM + TSMixer,4,D1,10,-2.550003118813038,35.13126754760742,172.5,1326,155.61202938475665,51.486685032139576,1.8236914600550964,2271,2178,369.5192795378595,117.8636183287291,804.812990833458,0,2446,2446,0,5.571799993515015
WM + TSMixer,4,D2,9,2.5099956393241882,90.19912719726562,307.5,1280,181.0691222195647,70.45754604161684,2.1805788088973928,4392,4181,437.78413778348795,139.63817799327077,1830.3754800727631,0,4725,4725,0,11.968226671218872
WM + TSMixer,4,D2,10,-25.939998243004084,85.28779602050781,360.0,1300,178.3427587902631,68.53061224489795,2.1539218096877306,4257,4067,431.1717781340971,137.52901652247238,1753.575621671373,0,4624,4624,0,10.113186836242676
WM + TSMixer,4,D3,9,-287.06999948620796,218.4213409423828,615.0,1131,251.09238078479677,125.02393102234736,3.3424247756466654,6010,5683,621.0472146284084,198.0942146549627,3529.411320733245,0,7000,6669,331,18.41636300086975
WM + TSMixer,4,D3,10,-302.40998527407646,256.9095458984375,750.0,1154,282.492351988483,152.81572791074322,3.67374482634515,5871,5557,703.8678367492097,224.51189863270957,3911.393568815358,0,6904,6542,362,19.65599489212036
WM + TSMixer,4,D4,9,-65.47999040782452,134.7548065185547,577.5,1238,218.70553359683794,100.78941589811156,2.7808519982433024,4663,4554,536.4277162918761,171.1029008430068,2442.8918199932036,0,4937,4934,3,13.750655889511108
WM + TSMixer,4,D4,10,-115.05000428855419,145.65782165527344,675.0,1232,230.41348713398403,109.59671694764863,3.040150842945874,4601,4508,565.7839958035784,180.46681782397272,2550.554253082531,0,4861,4861,0,12.656694173812866
WM + TSMixer,4,D5,9,-170.80999147891998,162.05320739746094,660.0,1227,233.18387372013652,112.33809726962457,3.0578071672354947,4961,4688,573.6876762895821,182.98788359015742,2689.447826445561,0,5586,5468,118,14.188904047012329
WM + TSMixer,4,D5,10,-131.54000532627106,144.0722198486328,607.5,1243,219.28376651043885,100.34639965913932,2.8606731998295696,4945,4694,538.6560556110895,171.81363171610803,2528.4515250384543,0,5522,5396,126,13.438478469848633
WM + TSMixer + planificación,0,D1,9,1.2399978414177895,48.03893280029297,217.5,1067,175.93514739229025,69.47165532879819,1.890702947845805,2314,2205,423.7082944534544,135.1484534433356,934.276789269867,0,2507,2507,0,30.700756072998047
WM + TSMixer + planificación,0,D1,10,-27.8199980892241,44.9152946472168,180.0,1082,170.32057195571954,65.82426199261992,1.8339483394833949,2261,2168,407.9855569902851,130.13341859472973,884.512687554938,0,2446,2446,0,28.673168420791626
WM + TSMixer + planificación,0,D2,9,-25.7799870967865,106.19477081298828,457.5,1032,195.13948446157553,84.05589014695254,2.132498193206456,4362,4151,473.72334887184417,151.10192312408358,1966.4256211670252,0,4725,4725,0,34.14738965034485
WM + TSMixer + planificación,0,D2,10,-58.0699992030859,102.82296752929688,435.0,1044,194.0125430398426,83.53098868666994,2.1428922774225283,4256,4066,471.86914679481464,150.51046767265197,1918.6199508677162,0,4624,4624,0,36.97502779960632
WM + TSMixer + planificación,0,D3,9,-151.07997345924377,219.9772186279297,840.0,983,242.71854905193734,121.0237427864798,2.9129431162407253,6392,6065,600.2253848508813,191.452649395772,3640.366959120595,0,7000,7000,0,44.32586908340454
WM + TSMixer + planificación,0,D3,10,-750.5999840348959,322.1433410644531,1207.5,998,324.8561436672968,193.03780718336483,3.7599243856332705,5604,5290,808.599663239613,257.9189350258582,4277.4922185375535,0,6904,6407,497,47.288254499435425
WM + TSMixer + planificación,0,D4,9,-21.609995126724243,124.39122009277344,622.5,1039,206.32528810611004,92.36660143509458,2.365514242226571,4708,4599,503.7980046603211,160.69491005395304,2316.967023432817,0,4937,4937,0,35.09453821182251
WM + TSMixer + planificación,0,D4,10,-23.890008755028248,121.0803451538086,637.5,1020,205.7254816112084,91.87915936952714,2.3469789842381785,4661,4568,502.70690200942727,160.34686302855692,2296.3651283790637,0,4861,4861,0,34.40935397148132
WM + TSMixer + planificación,0,D5,9,-32.28998324275017,142.35882568359375,615.0,1045,210.5999590750972,95.146306527522,2.4996930632289747,5160,4887,514.5752878402599,164.1325825723489,2514.72943167535,0,5586,5586,0,38.177536487579346
WM + TSMixer + planificación,0,D5,10,-246.31999348104,173.45254516601562,712.5,1035,237.6207475850483,117.48719025619488,2.79672406551869,5013,4762,584.7544726509656,186.5179163742081,2784.600798763898,0,5522,5506,16,37.73251247406006
WM + TSMixer + planificación,1,D1,9,-17.139993339776993,46.609371185302734,210.0,1115,173.91259057971016,67.22101449275362,1.9483695652173914,2317,2208,418.9649469511141,133.63542980749546,925.0746028680599,0,2507,2507,0,28.73236656188965
WM + TSMixer + planificación,1,D1,10,-5.369998566806316,43.87656021118164,165.0,1105,169.06546795758413,64.50576302443523,1.8335638543107422,2262,2169,404.8069509295662,129.11951580764364,878.0262765662291,0,2446,2446,0,28.699005365371704
WM + TSMixer + planificación,1,D2,9,-28.700013041496277,98.07063293457031,330.0,1037,187.4932821497121,77.0383877159309,2.0719769673704413,4379,4168,453.88150140361256,144.77286848385555,1891.7780978502572,0,4725,4725,0,35.55464577674866
WM + TSMixer + planificación,1,D2,10,-41.83001101016998,92.62730407714844,330.0,1056,183.80649127120728,74.48192771084338,2.0356528153430045,4257,4067,445.1272947685523,141.98050217226287,1810.332707823702,0,4624,4624,0,33.38219690322876
WM + TSMixer + planificación,1,D3,9,-180.76001235842705,209.50961303710938,795.0,928,234.44544244843647,114.52777777777777,2.7034264803725883,6339,6012,579.6770647410482,184.89824066214473,3485.018513223182,0,7000,7000,0,40.726813554763794
WM + TSMixer + planificación,1,D3,10,-94.709995649755,197.96612548828125,772.5,910,229.73202069080594,111.09661271483397,2.5638244618721844,6307,5993,566.664933900886,180.74774434831988,3396.02294886801,0,6904,6904,0,40.007572650909424
WM + TSMixer + planificación,1,D4,9,-18.80998881161213,126.40628051757812,585.0,1020,208.82475570032574,94.94115092290988,2.3478827361563517,4714,4605,511.10187361299484,163.0246501833214,2353.6241279878413,0,4937,4937,0,36.40365552902222
WM + TSMixer + planificación,1,D4,10,-30.050000458955765,115.92084503173828,555.0,1029,200.29826868288407,87.36094674556213,2.2561911023449484,4656,4563,488.1335805995933,155.6983610964278,2227.3535282759444,0,4861,4861,0,34.37150859832764
WM + TSMixer + planificación,1,D5,9,-51.10998871922493,139.3629913330078,570.0,998,207.89281314168377,93.42217659137577,2.3515400410677616,5143,4870,508.97379202248845,162.345823472662,2478.702367149519,0,5586,5578,8,36.34435701370239
WM + TSMixer + planificación,1,D5,10,-160.23999945819378,146.3042449951172,600.0,989,214.623125,99.125625,2.4147916666666664,5051,4800,526.5551593564117,167.95380587555042,2527.464764910776,0,5522,5521,1,36.641406536102295
WM + TSMixer + planificación,2,D1,9,-17.959993973374367,50.627601623535156,202.5,950,180.00771674988653,73.6536541080345,1.8297775760326827,2312,2203,433.64219174053244,138.31715108217523,955.313748404393,0,2507,2507,0,30.314114570617676
WM + TSMixer + planificación,2,D1,10,-19.759997198358178,48.70170211791992,195.0,947,175.87101248266296,71.36384650947758,1.7928802588996764,2256,2163,422.0386533436611,134.6160205591794,912.869607182339,0,2446,2446,0,28.698262453079224
WM + TSMixer + planificación,2,D2,9,-43.96000005863607,108.88894653320312,405.0,909,197.15286162762618,86.37961844964984,2.058198502777107,4352,4141,478.74137718387055,152.70255936904417,1982.468042918408,0,4725,4725,0,33.99163889884949
WM + TSMixer + planificación,2,D2,10,-28.250013902783394,105.69992065429688,555.0,926,196.94448538442643,86.69786293294031,2.076394006386637,4261,4071,479.9151353348806,153.07693866946573,1953.7345159482988,0,4624,4624,0,33.16904425621033
WM + TSMixer + planificación,2,D3,9,-138.36998490989208,210.85743713378906,682.5,918,235.54302670623144,116.24596109462578,2.679030662710188,6393,6066,581.5163978010316,185.48498713029673,3527.478469061058,0,7000,7000,0,42.80448317527771
WM + TSMixer + planificación,2,D3,10,-135.15000230818987,190.0113983154297,645.0,912,222.5680067001675,105.77922948073702,2.4991624790619764,6284,5970,547.6592013384562,174.6854386447035,3269.525431990584,0,6904,6903,1,39.68165469169617
WM + TSMixer + planificación,2,D4,9,-30.24999137222767,130.6800994873047,832.5,936,212.46355748373102,97.99652928416486,2.37353579175705,4719,4610,520.0159363481531,165.86801458671516,2397.273466564986,0,4937,4937,0,34.990145206451416
WM + TSMixer + planificación,2,D4,10,-21.689998373389244,129.4214324951172,615.0,909,212.02689700415482,97.99037830745681,2.3078941613820247,4666,4573,518.2149168591438,165.29356083657072,2369.796814796865,0,4861,4861,0,34.75511860847473
WM + TSMixer + planificación,2,D5,9,-32.79000470787287,136.66287231445312,525.0,928,205.5530828909759,92.68129848917926,2.2568395263372807,5171,4898,502.1431642062479,160.16707807244998,2459.497218282202,0,5586,5586,0,37.95459985733032
WM + TSMixer + planificación,2,D5,10,-67.70000479370356,134.62254333496094,502.5,944,205.00620475698034,91.63867631851086,2.271561530506722,5086,4835,500.89799279865144,159.76986721885316,2421.84179518148,0,5522,5522,0,36.05808639526367
WM + TSMixer + planificación,3,D1,9,-7.070001378655434,49.19804000854492,217.5,1038,177.19700408533816,70.93463458919655,1.8679073990013617,2312,2203,426.7780410982905,136.12764883670584,940.192024539534,0,2507,2507,0,28.83108687400818
WM + TSMixer + planificación,3,D1,10,-7.970007970929146,46.70745086669922,217.5,1011,173.73154981549814,68.86531365313652,1.8178044280442804,2261,2168,417.42518049846035,133.14439359327307,904.977791320662,0,2446,2446,0,28.67176389694214
WM + TSMixer + planificación,3,D2,9,-13.67999505251646,97.91014099121094,382.5,1024,187.05452798462647,76.72591880855153,2.065097285611338,4374,4163,452.6135066184809,144.3684114587473,1884.230028052736,0,4725,4725,0,35.26699161529541
WM + TSMixer + planificación,3,D2,10,-35.909992434084415,97.58024597167969,435.0,999,189.0583190394511,78.9509924038226,2.078412153883852,4271,4081,459.0062258032877,146.40751047203625,1873.204407503217,0,4624,4624,0,32.89818477630615
WM + TSMixer + planificación,3,D3,9,-162.64000475406647,185.5428924560547,660.0,948,218.50239471511148,101.00990916597853,2.531626754748142,6382,6055,536.9397027402612,171.2661517108284,3251.1699000922813,0,7000,6986,14,39.849202156066895
WM + TSMixer + planificación,3,D3,10,-64.51000224798918,176.3220672607422,615.0,940,215.06103831481175,98.34980925526621,2.4766959694808426,6343,6029,527.9768029956639,168.40722850600133,3183.1721452608576,0,6904,6903,1,39.40203309059143
WM + TSMixer + planificación,3,D4,9,-37.419997215270996,129.0870819091797,570.0,985,210.59078060447922,96.58860621874321,2.329202000434877,4708,4599,515.0058605405238,164.26994429280214,2368.5119526258686,0,4937,4937,0,35.46638894081116
WM + TSMixer + planificación,3,D4,10,-14.539998084306717,137.97503662109375,780.0,988,221.59430449069004,104.92880613362541,2.5369112814895947,4658,4565,543.5357354874723,173.37020160668104,2481.2406325003108,0,4861,4861,0,35.305792808532715
WM + TSMixer + planificación,3,D5,9,-147.4200058877468,143.4733428955078,592.5,976,209.98529411764707,95.5238193869097,2.405343827671914,5101,4828,513.4775635909056,163.78245335302734,2479.069677016892,0,5586,5566,20,36.49432921409607
WM + TSMixer + planificación,3,D5,10,-340.3799906671047,152.11314392089844,772.5,962,216.2348807495741,101.28385860306643,2.402044293015332,4947,4696,529.1190386394834,168.7716944705986,2484.743005451014,0,5522,5438,84,36.41139554977417
WM + TSMixer + planificación,4,D1,9,-10.430000027641654,45.1619758605957,180.0,1067,171.30503858374942,65.08987743985475,1.8275079437131185,2312,2203,410.8759721602424,131.05528268883293,905.159766669014,0,2507,2507,0,30.32567048072815
WM + TSMixer + planificación,4,D1,10,-6.0700008273124695,41.61482238769531,157.5,1055,165.73216751035434,61.480901978831106,1.762080073630925,2266,2173,395.0870498635085,126.0191325540994,858.5241593534041,0,2446,2446,0,28.413218021392822
WM + TSMixer + planificación,4,D2,9,-26.169997546821833,92.3271255493164,457.5,1066,181.2767235166947,71.72663944270958,1.9877492193129955,4374,4163,436.8699599274761,139.34664030561086,1818.689643178083,0,4725,4725,0,33.44084024429321
WM + TSMixer + planificación,4,D2,10,-43.17999566346407,87.76055145263672,360.0,1056,178.665684107099,69.70105625153525,1.9987718005404078,4261,4071,431.1481071260032,137.52150754127706,1755.2039441099591,0,4624,4624,0,33.006856203079224
WM + TSMixer + planificación,4,D3,9,-1290.1400061547756,318.9142150878906,1162.5,979,307.1889925373134,178.1546641791045,3.468097014925373,5687,5360,763.3741044635265,243.49312044733395,4091.6851999245014,3,7000,6491,509,46.77829456329346
WM + TSMixer + planificación,4,D3,10,-1000.9999937862158,313.1350402832031,1170.0,1001,310.0294556301268,180.68120805369128,3.5216256524981358,5678,5364,770.6020043073208,245.79863521619313,4133.509151104468,3,6904,6434,470,45.51011848449707
WM + TSMixer + planificación,4,D4,9,-3.3499951660633087,106.78620910644531,555.0,1062,191.71949902828763,79.58907363420427,2.201900237529691,4740,4631,465.03703046544547,148.33116176360096,2153.586488085478,0,4937,4937,0,33.8257622718811
WM + TSMixer + planificación,4,D4,10,-13.18001440167427,108.39558410644531,510.0,1036,193.98273601398603,81.69558566433567,2.1962412587412588,4669,4576,470.9581985821977,150.21986016333128,2155.104716712137,0,4861,4861,0,34.35435771942139
WM + TSMixer + planificación,4,D5,9,-14.46999792009592,112.99781799316406,390.0,1046,186.10012234910278,75.35542414355628,2.1031810766721044,5177,4904,450.9571825477626,143.8400600770999,2211.494023214228,0,5586,5586,0,36.79723882675171
WM + TSMixer + planificación,4,D5,10,-22.990022718906403,123.56647491455078,787.5,1052,197.45262510254307,84.21021328958163,2.2854799015586544,5127,4876,481.2622310647447,153.50652861960154,2346.634638671695,0,5522,5522,0,35.25482511520386
WM + Transformer,0,D1,9,-4.260003862902522,40.25510025024414,187.5,1281,164.53717135086129,58.41704442429737,1.8889392565729828,2315,2206,393.84974509845694,125.62431985953583,868.832537687196,0,2507,2507,0,7.8949806690216064
WM + Transformer,0,D1,10,-13.029994469136,40.590946197509766,165.0,1300,164.38770794824399,59.58872458410351,1.9024953789279113,2257,2164,393.08317488645974,125.37989312140803,850.631990454299,0,2446,2446,0,5.7332682609558105
WM + Transformer,0,D2,9,13.740010228008032,83.15979766845703,300.0,1217,174.38371537726837,64.81064947468958,2.054202483285578,4399,4188,419.54105421433854,133.819125028798,1757.0379350496498,0,4725,4725,0,10.249723672866821
WM + Transformer,0,D2,10,-1.6300013959407806,85.67416381835938,322.5,1212,178.07392900856794,68.60979192166462,2.1175030599755202,4275,4085,430.3491321475359,137.26662461598897,1757.9762048226842,0,4624,4624,0,9.984210968017578
WM + Transformer,0,D3,9,-234.68000952899456,206.63116455078125,562.5,1120,239.4189003436426,116.31116838487972,3.086426116838488,6147,5820,591.3954400888974,188.6360816374811,3441.921461317383,0,7000,6814,186,19.425533294677734
WM + Transformer,0,D3,10,-344.9199971705675,213.78045654296875,652.5,1148,244.9284210526316,121.07894736842105,3.2421052631578946,6014,5700,605.8998766097095,193.26265124221914,3453.629296675344,0,6904,6670,234,18.092657804489136
WM + Transformer,0,D4,9,-99.32999733835459,138.32870483398438,570.0,1184,220.29398907103825,102.00546448087432,2.8607650273224046,4684,4575,540.1050798801134,172.27590948544895,2470.980740451519,0,4937,4937,0,12.391690015792847
WM + Transformer,0,D4,10,-13.719986408948898,115.54042053222656,525.0,1193,201.65408118725446,87.01069402007857,2.522697512003492,4675,4582,491.61370429776275,156.8084091453839,2252.5739930923487,0,4861,4861,0,11.30047059059143
WM + Transformer,0,D5,9,-104.47999918833375,147.73974609375,637.5,1147,220.9759829968119,102.03443145589799,2.887566418703507,4978,4705,541.1540016363518,172.61049981186525,2546.1295776990355,0,5586,5464,122,15.422852993011475
WM + Transformer,0,D5,10,-49.459998190402985,118.07855987548828,457.5,1188,193.7960703205791,80.3187176835574,2.369596690796277,5086,4835,471.6829469733826,150.4509734055305,2280.587048616305,0,5522,5514,8,12.574260234832764
WM + Transformer,1,D1,9,-19.96999429166317,45.84406661987305,262.5,1157,172.5191605839416,66.26094890510949,1.8909671532846715,2301,2192,414.6571591258166,132.26138200999728,908.9284928037899,0,2507,2507,0,6.1014626026153564
WM + Transformer,1,D1,10,-3.2299987375736237,45.540916442871094,225.0,1167,172.64091954022987,67.91586206896552,1.8524137931034483,2268,2175,414.13865318738436,132.09608899827725,900.751570682561,0,2446,2446,0,5.8102405071258545
WM + Transformer,1,D2,9,-0.9800092168152332,93.80126953125,382.5,1080,183.90256164711516,73.93607852525736,2.034713909504429,4388,4177,444.50869075623103,141.78317711599541,1856.712801288777,0,4725,4725,0,12.020051717758179
WM + Transformer,1,D2,10,-25.17999506741762,91.82335662841797,457.5,1074,183.94085889570553,74.50331288343558,2.020122699386503,4265,4075,445.5218452070695,142.1063437634631,1815.501519218808,0,4624,4624,0,10.345943212509155
WM + Transformer,1,D3,9,-168.53998155891895,206.50039672851562,607.5,1036,237.6816340310601,115.82984469952734,2.9432815665091154,6251,5924,588.1126059192395,187.588929964355,3483.9790774655753,0,7000,6896,104,17.65546941757202
WM + Transformer,1,D3,10,-191.4999896734953,216.03477478027344,607.5,1065,248.1277662517289,124.1633817427386,3.1371023513139695,6098,5784,614.2910732323746,195.93921974609356,3553.059567576055,0,6904,6720,184,18.159729957580566
WM + Transformer,1,D4,9,-28.72001402080059,122.6183853149414,570.0,1086,205.90321180555554,91.26302083333333,2.4175347222222223,4717,4608,502.5759186472868,160.30508801843447,2315.869833126698,0,4937,4937,0,13.439436435699463
WM + Transformer,1,D4,10,-27.89000014960766,114.06182098388672,652.5,1079,199.25350569675723,86.25,2.2705959684487294,4657,4564,485.09870739952385,154.73031746083348,2213.9905005714268,0,4861,4861,0,11.876253366470337
WM + Transformer,1,D5,9,-61.52000595629215,127.23696899414062,517.5,1078,198.45063498566162,85.14031134780828,2.3306022122081114,5155,4882,483.8093878756186,154.3190355587417,2361.95743160877,0,5586,5586,0,13.203048706054688
WM + Transformer,1,D5,10,-34.21001210808754,118.55409240722656,397.5,1060,193.03793032364462,80.69305297876727,2.2222222222222223,5102,4851,470.0081254198998,149.91676098504576,2280.009416411934,0,5522,5522,0,12.35599422454834
WM + Transformer,2,D1,9,-4.240000981837511,44.36397933959961,172.5,1089,170.5321266968326,64.81900452488688,1.8330316742081447,2319,2210,408.6469928051113,130.3443186068529,903.1098540992961,0,2507,2507,0,7.800199031829834
WM + Transformer,2,D1,10,-9.270001653581858,44.17376708984375,165.0,1069,169.65345622119816,65.52718894009216,1.7944700460829492,2263,2170,405.4860815352769,129.33617499122857,879.904796931551,0,2446,2446,0,5.866206884384155
WM + Transformer,2,D2,9,-180.50999888777733,115.1867446899414,502.5,1174,200.65779838906516,87.96460824993898,2.4220161093483035,4308,4097,487.8464367001939,155.60684283878376,1998.7068511606944,0,4725,4711,14,11.05281376838684
WM + Transformer,2,D2,10,-143.84000942856073,120.17535400390625,577.5,1183,212.08827238335434,97.34274905422447,2.6163934426229507,4155,3965,517.5216964766217,165.07249221935714,2051.973526529805,0,4624,4568,56,10.930114507675171
WM + Transformer,2,D3,9,-642.929987102747,292.1894226074219,660.0,1189,319.45274120652385,180.95735900962862,4.47062291216349,5416,5089,796.0206905472415,253.90637488073472,4050.949294194912,4,7000,6153,847,23.253082036972046
WM + Transformer,2,D3,10,-740.9899776875973,274.8102722167969,720.0,1199,297.4589437162683,164.17887432536622,4.168851195065536,5502,5188,739.5181575954391,235.88356036522342,3836.620201605138,2,6904,6258,646,20.501570224761963
WM + Transformer,2,D4,9,-393.67000348865986,186.54745483398438,660.0,1206,263.14436538902913,136.75350011475786,3.657333027312371,4466,4357,649.506628696679,207.17226743721207,2829.90038123143,0,4937,4861,76,14.381634950637817
WM + Transformer,2,D4,10,-399.9899902045727,185.23231506347656,615.0,1207,264.06574394463667,137.05144175317184,3.699653979238754,4428,4335,651.4051239572946,207.7778322097502,2823.841212354872,5,4861,4778,83,14.123029708862305
WM + Transformer,2,D5,9,-218.94000832736492,182.23648071289062,607.5,1255,248.47101604278075,124.89347593582887,3.418609625668449,4948,4675,612.0198551672258,195.21493441033434,2861.192822906781,0,5586,5470,116,16.115925788879395
WM + Transformer,2,D5,10,-367.09999972581863,185.81187438964844,615.0,1255,251.2813110484046,127.12893423051878,3.4471456479270675,4858,4607,620.2465521524957,197.8389847686985,2857.4758657665475,0,5522,5393,129,14.700681686401367
WM + Transformer,3,D1,9,-16.289991304278374,49.501190185546875,247.5,1187,181.04995458673932,74.08764759309719,1.9877384196185286,2311,2202,437.3011481674673,139.48422593226246,962.937128264763,0,2507,2507,0,6.127178430557251
WM + Transformer,3,D1,10,-13.219994511455297,53.281654357910156,345.0,1192,187.46540590405905,81.53828413284133,2.0198339483394836,2261,2168,453.6258749852145,144.69150820100185,983.460896967945,0,2446,2446,0,6.083984851837158
WM + Transformer,3,D2,9,-351.000006519258,149.9970245361328,645.0,1232,233.45359019264447,116.2244183137353,2.789592194145609,4208,3997,573.5357875818244,182.93954373433974,2292.422542964552,2,4725,4626,99,14.06621241569519
WM + Transformer,3,D2,10,-383.5199963413179,140.74053955078125,615.0,1218,225.45936305732485,110.2343949044586,2.6782165605095543,4115,3925,554.2808085310124,176.79767235544483,2175.552173484224,5,4624,4565,59,11.859493255615234
WM + Transformer,3,D3,9,-426.1800076365471,238.27471923828125,622.5,1190,262.8024869345828,135.38205081996756,3.547846458821409,5876,5549,649.9693246152093,207.31973833715952,3606.6797822897965,0,7000,6564,436,19.08171772956848
WM + Transformer,3,D3,10,-233.5799967944622,223.3133544921875,607.5,1217,254.12028631284917,127.88949022346368,3.4902234636871508,6042,5728,629.2558240227431,200.7126010552526,3604.377360002273,0,6904,6692,212,18.187309980392456
WM + Transformer,3,D4,9,-324.55998764932156,172.6590118408203,765.0,1223,252.91820460241513,128.12189564821145,3.442241968557758,4498,4389,623.5817616797997,198.9028465221062,2736.9003520126407,0,4937,4863,74,15.341984272003174
WM + Transformer,3,D4,10,-469.239980712533,182.85020446777344,705.0,1204,261.15713621571365,135.84449093444908,3.5613668061366806,4395,4302,645.1488330674805,205.78221474386962,2775.430279856301,2,4861,4761,100,14.256500005722046
WM + Transformer,3,D5,9,-261.91997665166855,191.49148559570312,652.5,1225,260.319398363194,134.94448130944483,3.5458969254589694,4794,4521,642.0528148839987,204.79468983662665,2902.720776090558,2,5586,5311,275,15.28130292892456
WM + Transformer,3,D5,10,-318.7500186264515,181.37161254882812,682.5,1203,253.03541991534863,129.3352639786144,3.359545555803074,4740,4489,624.362962943728,199.15203428457673,2802.765340654395,0,5522,5251,271,15.078911542892456
WM + Transformer,4,D1,9,2.6599989533424377,40.40964889526367,157.5,1268,164.35185185185185,58.29494128274616,1.8794037940379404,2323,2214,393.3765738714715,125.47339559355511,870.9357345514379,0,2507,2507,0,7.6798295974731445
WM + Transformer,4,D1,10,-8.629999592900276,40.660789489746094,142.5,1259,163.90620689655174,59.46758620689655,1.8455172413793104,2268,2175,391.58481520854207,124.90197155973425,851.6969730785789,0,2446,2446,0,5.686294794082642
WM + Transformer,4,D2,9,9.449998080730438,78.1919937133789,262.5,1162,168.98036398467434,60.1669061302682,1.9128352490421456,4387,4176,404.6482823805427,129.0687283474969,1689.8112272211463,0,4725,4725,0,10.025968790054321
WM + Transformer,4,D2,10,1.0699988454580307,76.85308074951172,240.0,1190,169.6062163485071,61.19970631424376,1.9720998531571219,4276,4086,407.84647193035784,130.08885524172933,1666.460684307442,0,4624,4624,0,9.58270812034607
WM + Transformer,4,D3,9,-68.73001609742641,160.5567626953125,532.5,1078,207.0869928201703,89.19969944898982,2.5475037568876275,6316,5989,506.9229480730389,161.6915200020496,3035.96153600943,0,7000,6901,99,17.866197109222412
WM + Transformer,4,D3,10,-92.85000067949295,171.07936096191406,517.5,1068,212.6169928081619,95.65027596588058,2.5504264927245357,6293,5979,521.5144155801263,166.34588670909284,3118.1346907535753,0,6904,6892,12,16.03948140144348
WM + Transformer,4,D4,9,-16.380005419254303,114.51802825927734,532.5,1158,198.84212812160695,85.46102062975027,2.3613463626492943,4714,4605,484.22426313322086,154.45138712177678,2229.852731728482,0,4937,4937,0,11.431484460830688
WM + Transformer,4,D4,10,-22.390000641345978,98.34703826904297,502.5,1159,185.5787513691128,73.57480832420592,2.1986856516977,4658,4565,449.21469285790977,143.28421997363813,2050.665072896358,0,4861,4861,0,10.88878870010376
WM + Transformer,4,D5,9,-7.1800043396651745,104.53636169433594,382.5,1138,179.463374821465,69.12528055498878,2.1101815955927363,5174,4901,433.9220923371016,138.40629112833892,2126.652174544135,0,5586,5586,0,13.501211404800415
WM + Transformer,4,D5,10,-3.8800091221928596,103.7428207397461,315.0,1138,181.25896332718705,69.91927883630403,2.1329645564433517,5132,4881,439.19186947999714,140.08714895739973,2143.695514931866,0,5522,5522,0,11.820287227630615
WM + Transformer + planificación,0,D1,9,4.919997982680798,38.919158935546875,195.0,1216,161.87105500450858,55.85752930568079,1.850766456266907,2327,2218,386.9777950536361,123.4323338450478,858.316749428965,0,2507,2507,0,24.570293426513672
WM + Transformer + planificación,0,D1,10,-9.699998494237661,37.217655181884766,165.0,1213,158.6058091286307,54.269248501613646,1.8289534347625633,2262,2169,377.4510686776897,120.3936593674274,818.6913679619089,0,2446,2446,0,24.8218891620636
WM + Transformer + planificación,0,D2,9,2.1099944561719894,81.06746673583984,322.5,1133,172.5176779741997,62.84209268991878,2.0341614906832297,4397,4186,415.10270937527974,132.4033849917802,1737.619941444921,0,4725,4725,0,30.52149534225464
WM + Transformer + planificación,0,D2,10,-9.929991148412228,81.85060119628906,285.0,1111,174.39951219512196,65.43146341463415,2.014390243902439,4290,4100,420.4982388205366,134.12444159454608,1724.0427791642,0,4624,4624,0,28.512346267700195
WM + Transformer + planificación,0,D3,9,-69.04998732358217,174.2921600341797,547.5,1009,212.54511030622325,95.44352979914389,2.507079354626276,6401,6074,521.2976405398291,166.27672758488936,3166.361868638922,0,7000,7000,0,35.09844994544983
WM + Transformer + planificación,0,D3,10,-88.40999702364206,170.50425720214844,742.5,1005,211.88636742866677,94.87285166027031,2.5598197897547137,6307,5993,519.0292415447586,165.5531904831892,3110.5422445777385,0,6904,6904,0,34.9343318939209
WM + Transformer + planificación,0,D4,9,-19.550017416477203,118.6283950805664,645.0,1075,202.56430275428323,88.45803513337671,2.37714161787031,4720,4611,493.6809001837729,157.4678102744884,2276.362630747377,0,4937,4937,0,32.142104387283325
WM + Transformer + planificación,0,D4,10,-17.280008174479008,101.21804809570312,457.5,1081,187.70258431887868,76.00722733245729,2.1717038983793255,4659,4566,454.42671187767104,144.94674312187166,2074.912366433446,0,4861,4861,0,29.635003805160522
WM + Transformer + planificación,0,D5,9,14.059991009533405,111.39290618896484,420.0,1071,184.82235772357723,73.6270325203252,2.1841463414634146,5193,4920,448.27700901834976,142.98512337017948,2205.5228843702807,0,5586,5586,0,31.105756759643555
WM + Transformer + planificación,0,D5,10,-52.110003054142,120.41311645507812,592.5,1043,194.98243075651095,81.15522943365026,2.333815626291856,5089,4838,474.668786653028,151.4033697212284,2296.4475898273495,0,5522,5522,0,31.484232187271118
WM + Transformer + planificación,1,D1,9,5.949994385242462,50.25312042236328,180.0,1021,179.40524649479875,73.01944821347806,1.8575305291723203,2320,2211,432.53563523501043,137.96417215945593,956.336289504608,0,2507,2507,0,26.589212656021118
WM + Transformer + planificación,1,D1,10,-11.260009311139584,44.95244598388672,187.5,1051,170.32088520055325,65.78653757491932,1.8045182111572153,2262,2169,407.69205869257496,130.03979857893776,884.2840753041951,0,2446,2446,0,24.559234142303467
WM + Transformer + planificación,1,D2,9,-1091.149969547987,195.16644287109375,1222.5,964,258.64912737692106,142.6262047408179,2.6280281323261265,4050,3839,636.581002258946,203.0495616694496,2443.834467672094,0,4725,4603,122,32.977524280548096
WM + Transformer + planificación,1,D2,10,-50.90998263657093,105.52308654785156,420.0,971,196.53320216428924,86.22429906542057,2.0811608460403344,4256,4066,478.38000918749043,152.58728255647148,1945.093117356336,0,4624,4624,0,30.182666063308716
WM + Transformer + planificación,1,D3,9,-209.02999107539654,200.7241973876953,802.5,878,227.06376283537594,109.07187810533289,2.5253395163961576,6365,6038,558.7626006550424,178.22713065013116,3373.8085827551463,0,7000,7000,0,37.75782251358032
WM + Transformer + planificación,1,D3,10,-1446.8899878114462,354.72607421875,1462.5,942,339.3018080667594,209.41327240214585,3.6946155374528113,5347,5033,845.9848314026417,269.84398908930143,4257.8416564494955,4,6904,6186,718,42.37602162361145
WM + Transformer + planificación,1,D4,9,-19.90000019967556,124.38230895996094,570.0,948,206.73333333333332,93.03365906623236,2.2901194353963086,4714,4605,504.64909765761996,160.96639641791725,2323.90909471334,0,4937,4937,0,30.77272629737854
WM + Transformer + planificación,1,D4,10,-414.8399929404259,143.71408081054688,825.0,925,215.59914664271278,101.48798562766675,2.355266112732989,4546,4453,526.8967096607757,168.0628707630822,2346.271048119434,0,4861,4861,0,31.146666288375854
WM + Transformer + planificación,1,D5,9,-1012.4900058507919,245.5785675048828,1477.5,960,293.72731614135625,172.7342406876791,3.026981852913085,4461,4188,727.5553738210485,232.06807552646922,3047.001905562551,1,5586,5093,493,37.62155795097351
WM + Transformer + planificación,1,D5,10,-1341.8000648915768,255.46066284179688,1350.0,967,297.27101449275364,175.01376811594204,3.057246376811594,4391,4140,736.9583241826593,235.067328793763,3051.00746211621,3,5522,5060,462,36.41047382354736
WM + Transformer + planificación,2,D1,9,-0.5499995574355125,47.32118225097656,202.5,1034,175.44077757685352,68.79249547920433,1.8878842676311032,2321,2212,422.57442758485666,134.78677153261484,934.734633817703,0,2507,2507,0,24.901434183120728
WM + Transformer + planificación,2,D1,10,-17.869997315108776,45.80988693237305,195.0,1018,171.77136258660508,67.14411085450347,1.8120092378752888,2258,2165,411.60557547230394,131.28811625976118,891.1260708975379,0,2446,2446,0,24.674720525741577
WM + Transformer + planificación,2,D2,9,-23.9099974706769,105.87378692626953,510.0,950,194.40384153661464,84.10852340936374,2.042737094837935,4376,4165,471.2002321046072,150.29714879069627,1962.548966715689,0,4725,4725,0,31.123369693756104
WM + Transformer + planificación,2,D2,10,-69.38000576198101,111.4880142211914,652.5,947,202.00741473059813,91.21552150271873,2.143598615916955,4236,4046,492.6001442162628,157.12315046656448,1993.060183498999,0,4624,4624,0,29.789543628692627
WM + Transformer + planificación,2,D3,9,-2106.350014835596,325.495849609375,1500.0,1006,300.35787806809185,173.72347585114807,3.4487331749802057,5379,5052,745.7438124443601,237.86957664234995,3767.497740468907,2,7000,6288,712,40.712151527404785
WM + Transformer + planificación,2,D3,10,-1737.539965108037,334.3986511230469,1500.0,996,315.23487883991606,183.51364243464988,3.769509635565732,5555,5241,783.9149515578977,250.0451096557159,4108.498261114942,3,6904,6364,540,41.21263098716736
WM + Transformer + planificación,2,D4,9,-891.1399697884917,177.7189483642578,1140.0,935,234.51077981651378,118.70756880733946,2.55,4469,4360,574.383101627227,183.20991755901332,2504.31032309471,0,4937,4863,74,35.887309551239014
WM + Transformer + planificación,2,D4,10,-778.6199754308909,171.49098205566406,1162.5,936,234.12375434530708,118.85863267670915,2.499420625724218,4408,4315,574.3066878393156,183.1855261970612,2478.133358026647,1,4861,4776,85,32.338929653167725
WM + Transformer + planificación,2,D5,9,-556.4800214469433,176.46621704101562,1245.0,906,230.03118185782816,114.95290013083297,2.4742695159180115,4859,4586,563.6847643202889,179.79738963911143,2585.058329172845,0,5586,5444,142,33.41830229759216
WM + Transformer + planificación,2,D5,10,-963.3099658191204,200.3541717529297,1177.5,927,250.91653290529695,132.6131621187801,2.745700527401972,4612,4361,617.3261796907344,196.90762994281562,2692.1594696312927,2,5522,5209,313,34.07425379753113
WM + Transformer + planificación,3,D1,9,-7.070002477616072,52.33356475830078,225.0,1025,183.6262488646685,76.77520435967303,1.930063578564941,2311,2202,443.4976488251481,141.46077972366533,976.581822712976,0,2507,2507,0,27.298765659332275
WM + Transformer + planificación,3,D1,10,-19.920005843043327,48.304935455322266,172.5,1043,175.6977818853974,70.84473197781885,1.8826247689463955,2257,2164,422.43526620834757,134.74250224202913,914.1499160748641,0,2446,2446,0,24.846392154693604
WM + Transformer + planificación,3,D2,9,-14.64998646080494,101.24331665039062,367.5,961,190.7291866028708,80.01004784688995,2.0889952153110047,4391,4180,462.3001628546302,147.45820843819953,1932.414680732354,0,4725,4725,0,29.646538972854614
WM + Transformer + planificación,3,D2,10,-43.190001364797354,98.57291412353516,435.0,949,189.79008102136018,79.97446599558066,2.0414927571814387,4263,4073,460.32432745489444,146.8279819437238,1874.9009857237852,0,4624,4624,0,29.52371835708618
WM + Transformer + planificación,3,D3,9,-238.88000640273094,202.19239807128906,907.5,955,229.00215803452855,109.86122177954847,2.6736387782204516,6351,6024,564.6527677410874,180.1058988320046,3401.46827287231,0,7000,7000,0,38.025893449783325
WM + Transformer + planificación,3,D3,10,-147.23001377284527,183.46096801757812,645.0,967,218.84353513332215,101.85342948180445,2.5287606909273856,6277,5963,537.3277997721475,171.38998532539426,3204.085670041315,0,6904,6904,0,35.29473614692688
WM + Transformer + planificación,3,D4,9,-692.6000097803771,159.29066467285156,1072.5,1006,223.71515975526853,107.9286199864038,2.5087242238839793,4522,4413,546.4069782322141,174.2861902808015,2411.293994938761,0,4937,4895,42,31.951942920684814
WM + Transformer + planificación,3,D4,10,-44.410013012588024,113.74380493164062,645.0,974,197.19034028540065,84.9980241492865,2.1899012074643247,4648,4555,479.33465727736854,152.8917585151135,2183.3693638984137,0,4861,4861,0,30.145416975021362
WM + Transformer + planificación,3,D5,9,-39.83999114483595,130.5701446533203,592.5,951,199.3643633381177,86.75148656961247,2.1958171006766456,5150,4877,485.3759732723892,154.81876561740742,2367.1786216494424,0,5586,5586,0,33.275694608688354
WM + Transformer + planificación,3,D5,10,-119.17002959176898,153.80870056152344,727.5,963,220.67857884895076,104.34593808435487,2.497610637855807,5064,4813,541.4156613921602,172.69394487820153,2605.833578280467,0,5522,5522,0,32.84830331802368
WM + Transformer + planificación,4,D1,9,-11.010001800954342,49.41648483276367,240.0,1044,178.22555707139608,71.4924965893588,1.9072305593451568,2308,2199,429.3867426124175,136.95974927929743,944.221447004706,0,2507,2507,0,24.974932432174683
WM + Transformer + planificación,4,D1,10,-18.859998401254416,46.54398727416992,195.0,1052,172.704440333025,68.2086031452359,1.7927844588344126,2255,2162,413.994983501167,132.05028117370165,895.057154329523,0,2446,2446,0,24.78985023498535
WM + Transformer + planificación,4,D2,9,-40.30000229179859,106.82335662841797,450.0,1001,194.8638882197061,83.9951818838834,2.1187665622741507,4362,4151,473.03037357489353,150.88088957460803,1963.5490807093831,0,4725,4725,0,31.384645700454712
WM + Transformer + planificación,4,D2,10,-50.68000838160515,99.19110107421875,330.0,1014,189.62217305801377,80.04572271386431,2.05653883972468,4258,4068,459.94691034094126,146.70760562849017,1871.064031266949,0,4624,4624,0,29.36522388458252
WM + Transformer + planificación,4,D3,9,-536.670004427433,214.58441162109375,900.0,954,232.84030354131534,113.6602023608769,2.732377740303541,6257,5930,574.1102092147646,183.12262136567537,3404.4735406435543,0,7000,6985,15,36.962679386138916
WM + Transformer + planificación,4,D3,10,-281.9899913556874,207.44699096679688,810.0,921,233.19979681679646,114.43074839146631,2.72502539790044,6220,5906,574.7153654887746,183.3156787555034,3394.2689485767028,0,6904,6903,1,36.85411477088928
WM + Transformer + planificación,4,D4,9,-50.00000859051943,126.12393188476562,682.5,967,206.6320157239572,93.43371915265342,2.2915483730072066,4688,4579,504.0025967573051,160.7602058816853,2307.8278905517004,0,4937,4937,0,32.5380802154541
WM + Transformer + planificación,4,D4,10,-127.20999100804329,141.62472534179688,765.0,980,221.3871110130214,104.82763186934451,2.509379827852571,4624,4531,541.562748363438,172.74092293668946,2453.820812834738,0,4861,4861,0,31.3374981880188
WM + Transformer + planificación,4,D5,9,-178.3599950671196,149.53338623046875,712.5,958,213.11225346202266,99.36445656735208,2.3527066722618546,5039,4766,521.3625942277835,166.29761127995573,2484.8141240896157,0,5586,5557,29,32.25830841064453
WM + Transformer + planificación,4,D5,10,-173.9999996125698,152.9111328125,690.0,970,218.97929303492992,103.28048525413094,2.455971554068187,5032,4781,536.2289032046103,171.03953884264232,2563.710386221242,0,5522,5514,8,32.49053955078125
