condition,episodes,waiting_time_s_mean,waiting_time_s_std,waiting_time_s_ci_lo,waiting_time_s_ci_hi,travel_time_s_mean,travel_time_s_std,travel_time_s_ci_lo,travel_time_s_ci_hi,queue_mean_m_mean,queue_mean_m_std,queue_mean_m_ci_lo,queue_mean_m_ci_hi,queue_max_m_mean,queue_max_m_std,queue_max_m_ci_lo,queue_max_m_ci_hi,throughput_mean,throughput_std,throughput_ci_lo,throughput_ci_hi,stops_mean,stops_std,stops_ci_lo,stops_ci_hi,co2_g_per_veh_mean,co2_g_per_veh_std,co2_g_per_veh_ci_lo,co2_g_per_veh_ci_hi,fuel_g_per_veh_mean,fuel_g_per_veh_std,fuel_g_per_veh_ci_lo,fuel_g_per_veh_ci_hi,reward_mean,reward_std,reward_ci_lo,reward_ci_hi,teleports_mean,teleports_std,teleports_ci_lo,teleports_ci_hi,backlog_end_mean,backlog_end_std,backlog_end_ci_lo,backlog_end_ci_hi
Tiempo fijo,10,100.87784288870421,34.313128972815115,81.85829221881284,121.9150317239209,214.9113810802218,42.79774206225791,191.205358925897,241.1357665231274,142.2919548034668,84.49577132689186,95.43003946304322,193.6711365318298,425.25,220.8520432325678,300.75,558.7687499999997,4448.6,1271.6969590101078,3669.355,5133.6050000000005,2.4794930698559488,0.6897827142552835,2.096705479309562,2.9002159706368507,525.2666583897674,112.62922825779788,462.6495743395221,594.2804195832507,167.54294171415992,35.925753776899086,147.5697337254198,189.5565126398352,-166.10799179896713,283.22014569935806,-352.26103295853363,-25.965572953745728,0.0,0.0,0.0,0.0,52.2,111.12435476628075,0.0,124.1
Actuado,10,48.02397671216568,8.504989575924307,43.222204254900305,53.021922781612375,156.59190383045558,10.929105760907115,150.294550568425,163.00165870607216,66.7543098449707,29.498306526779302,49.66545087814331,83.77490773200988,302.25,118.37704591684994,231.75,372.0,4575.7,1412.8676945214022,3723.28,5356.724999999999,1.9114504376555246,0.07074146723449473,1.871657064537608,1.9545524273798225,373.05026063820844,28.731634028653968,356.57527274664585,389.9175048463799,118.98971685495584,9.16460335005134,113.73462841121807,124.36991369533865,-1.3480022730305792,12.823757410959752,-9.635029129558243,5.191101758047005,0.0,0.0,0.0,0.0,0.0,0.0,0.0,0.0
Max-Pressure,10,82.57043311029426,12.064626241064001,75.75608860591973,89.79832268760835,196.16860209713596,17.114553754671917,186.36244200627374,206.3122719853229,111.22840309143066,46.470488645818406,84.42133877754212,138.45838103294372,389.25,118.23969299689509,317.25,457.5,4556.9,1405.3194536000228,3707.6974999999998,5332.6,2.5248659978380044,0.40454407966988704,2.2843126432137453,2.7533847298448855,478.64978118401694,46.39832963407625,451.9795788838741,506.1393669994414,152.67322115871073,14.799747180833732,144.16617289494613,161.44160573134673,-35.63500094152987,22.261807286076568,-49.61030067190528,-23.6449260563124,0.0,0.0,0.0,0.0,0.2,0.6324555320336759,0.0,0.6
PPO directo,10,77.94520649612959,29.087072421735144,61.91275420456086,95.70061077218236,191.75963105062098,36.73830726458982,171.50169896383488,214.23747722795338,110.14285691579184,67.5764719215334,72.8215279897054,151.4476991335551,419.75,205.66440436357047,296.25,539.5,4506.366666666667,1314.8496553026064,3708.3675000000003,5222.369166666666,2.4689264395738526,0.5864908957654902,2.144796778762738,2.8243858861791247,465.6801008306649,96.52906110546195,412.48161937978585,524.6925717469079,148.53624641487934,30.790211966044556,131.56734289377525,167.35966411713304,-67.43866819335769,131.54161726764158,-153.28415113197485,-1.5176662697767225,0.03333333333333333,0.10540925533894596,0.0,0.1,41.733333333333334,82.84610155710332,1.8,94.67749999999984
WM + LSTM,10,103.93920589448184,14.54756321967143,95.44817052976245,112.37172239614077,219.71956025074374,20.420840294248478,207.7178994031133,231.57578389972514,137.8695573425293,55.14313594268428,105.47307535552979,169.45504107666017,638.85,171.9148771921732,532.05,731.1,4366.12,1276.12087619734,3592.8464999999997,5067.3515,2.5580443040325904,0.39668003743959396,2.3277814202008664,2.7904154857231047,537.6341747960705,53.45914680598951,506.2642548989787,568.6280443466229,171.4878317537764,17.052006556002468,161.48169282663466,181.37403162725477,-190.30879679724575,97.99226169603446,-247.83563034758717,-134.50722168571878,0.06000000000000001,0.1349897115421106,0.0,0.16,146.92000000000002,113.18383080438458,83.47949999999999,214.72000000000003
WM + TSMixer,10,96.58938953657336,32.03011291540163,78.17840673650936,115.5746920678845,214.39537118721918,41.419100711422885,190.60360117755212,238.796824694912,132.0551321411133,71.7783969256634,90.95370811462402,173.7135925178528,482.55,197.45132311534405,362.7,593.4,4372.719999999999,1213.391933383439,3624.889,5024.1415,2.8277427723851813,0.7263738917345134,2.4066679883929276,3.249383108386324,523.9639437071143,107.83324156272532,462.04235659933744,587.6485314586811,167.12731039645945,34.39595518323131,147.37598438267,187.4410147661401,-132.5625991975516,145.96001252029887,-222.2506292955372,-55.030609844162164,0.27999999999999997,0.6268084945889684,0.0,0.68,144.08,195.5630549067089,39.74,266.4244999999999
WM + Transformer,10,96.1684101094876,22.320598898452428,83.03984135735085,109.08073094062775,211.96374031781107,29.42542723612404,194.57000225284656,228.97491501373037,131.4979891204834,60.786681709782734,95.99123521995544,166.67149680709835,476.55,159.18707548039194,378.0,563.55,4429.52,1283.3374205995517,3648.7330000000006,5131.460000000001,2.6302689664023093,0.5296110171077137,2.315540921983247,2.9342231717171874,517.9035220713565,77.25111431930837,472.2778899440087,562.5436085033318,165.1942218668105,24.64103206335582,150.64086115309217,179.43322100399547,-150.40219904709608,105.45779447080302,-212.99121668079215,-90.56119958527387,0.44000000000000006,0.4880801391392834,0.16,0.7400000000000001,88.84,115.3354065324261,28.0,160.38399999999996
WM + LSTM + planificación,10,85.11574731994156,12.187563280667558,78.05586311913036,92.20381142409389,196.73225290421144,16.262861810372797,187.16776277888144,206.15597312717838,115.7044181060791,47.70085644946662,87.90931988334656,143.2175143432617,465.9,166.30123270739756,365.38875,557.85375,4553.54,1395.5806439535402,3710.5664999999995,5324.827,2.16392023780382,0.23465899614449084,2.0261843712706837,2.299075029686736,478.6535922171196,43.47666778090793,453.04902593439334,503.8233716086258,152.6745148223255,13.867847990524657,144.50738727156815,160.70298349655255,-45.598799575604495,35.49202148290505,-67.21303975876327,-26.021439173045568,0.0,0.0,0.0,0.0,0.04,0.12649110640673517,0.0,0.12000000000000002
WM + TSMixer + planificación,10,93.17636707360249,23.127353165226488,80.40925107809637,107.38195669242533,206.37896327303605,28.85829119067641,190.31272735523535,223.96834011462346,128.69545288085936,65.06326994128563,92.26688717269896,167.56399538421624,539.4,236.6317814664801,399.9,676.05,4506.08,1336.0462506964345,3694.8754999999996,5236.887499999999,2.304359867482444,0.3813141907221402,2.0893745771612133,2.5318903194888875,503.5733525224765,75.71188824056887,461.3395095988751,549.5281266451044,160.62328490084636,24.150083705418822,147.15179660019962,175.28162423935575,-115.26679875131697,155.39949313336504,-212.25531243108313,-32.042309220608345,0.12,0.25298221281347033,0.0,0.3,32.42,65.3439073075847,1.6799999999999997,73.20000000000002
WM + Transformer + planificación,10,99.32175969630191,23.957005524765634,85.37424084189772,113.350212713523,212.910094372943,29.597871090184917,195.6365037754812,230.14731769769986,139.80246726989748,67.28844470912523,100.62512240219115,178.9710256290436,674.4,308.52082587728177,487.0425,844.05,4422.14,1288.754147918748,3638.7875000000004,5130.7855,2.3607321288971197,0.38908498696234595,2.136193254706186,2.5914587770546356,519.923165833454,77.3448239229684,474.84534215653287,564.8669657433837,165.8384969552024,24.670965012134634,151.45984982868285,180.1743863195942,-316.36900004778056,257.92028236624617,-467.76929649690265,-167.14529937695812,0.31999999999999995,0.4917090377222873,0.06000000000000001,0.6399999999999999,75.12,89.25385519218017,24.6785,129.92000000000002
