modelo,conjunto,rmse_1,rmse_3,rmse_5,rmse_10,rmse_20,auc_rmse,crecimiento,mae_1,reward_rmse_1,phase_acc_1,phase_acc_20,rmse_1_congestion,skill_1,skill_20
Persistencia,val,0.48429468274116516,0.7400156855583191,0.8289088606834412,0.8357304930686951,0.806418240070343,15.039228439331055,1.6651395559310913,0.22901339828968048,3.646308422088623,0.7719591097308489,0.29090320910973083,0.49971556663513184,0.0,0.0
Persistencia,test,0.4767390787601471,0.7144815921783447,0.7855319976806641,0.7738863825798035,0.7398999333381653,13.862420082092285,1.5520018339157104,0.23344948887825012,2.962188243865967,0.7478907867494824,0.2877717391304348,0.4863864481449127,0.0,0.0
Persistencia,test_ood,0.486663818359375,0.7399871349334717,0.8126587271690369,0.8081170320510864,0.7806798219680786,14.441858291625977,1.6041460037231445,0.23908229172229767,3.114084482192993,0.7592650103519669,0.2619824016563147,0.49704238772392273,0.0,0.0
Media móvil,val,0.6028353571891785,0.6591330170631409,0.68023681640625,0.660943329334259,0.6645156741142273,12.423147201538086,1.102316975593567,0.40951454639434814,3.646308422088623,0.2276268115942029,0.2431935817805383,0.6710197925567627,-0.24476972114799822,0.1759664636848216
Media móvil,test,0.5608720779418945,0.6081041693687439,0.6194646954536438,0.587449848651886,0.6054805517196655,11.140164375305176,1.0795341730117798,0.38935598731040955,2.962188243865967,0.1927924430641822,0.1973343685300207,0.5888087153434753,-0.1764759864044536,0.18167237968524652
Media móvil,test_ood,0.5832934379577637,0.633425772190094,0.646139919757843,0.6199309825897217,0.642756462097168,11.754067420959473,1.1019436120986938,0.40938451886177063,3.114084482192993,0.18090062111801242,0.15349378881987577,0.6431483626365662,-0.1985551749545369,0.1766708399394883
Ridge,val,0.25945624709129333,0.36191263794898987,0.40208184719085693,0.4504007399082184,0.4859393537044525,8.278107643127441,1.872914433479309,0.14944587647914886,2.612438917160034,0.887991718426501,0.5337991718426501,0.2787736654281616,0.46425955861679025,0.3974102648495841
Ridge,test,0.24489855766296387,0.3212113380432129,0.36082321405410767,0.4064394533634186,0.4415585398674011,7.468228816986084,1.8030263185501099,0.14157046377658844,2.247793674468994,0.8855331262939958,0.539156314699793,0.24593940377235413,0.48630483932663904,0.4032185705501471
Ridge,test_ood,0.24838723242282867,0.338657945394516,0.3793013393878937,0.429686039686203,0.4697616398334503,7.896312713623047,1.8912471532821655,0.14454412460327148,2.209027051925659,0.8815217391304347,0.5470496894409937,0.279419869184494,0.4896122887043801,0.39826593871839755
MLP,val,0.2075391709804535,0.25673285126686096,0.2830717861652374,0.33540764451026917,0.4093097448348999,6.311594009399414,1.9722048044204712,0.1117653027176857,2.431408166885376,0.9751811594202898,0.8683359213250518,0.19556911289691925,0.5714609753595533,0.4924349121875068
MLP,test,0.20298181474208832,0.2455279380083084,0.2674850523471832,0.3126562237739563,0.374444842338562,5.8759565353393555,1.8447210788726807,0.1103154793381691,1.9368053674697876,0.9806418219461698,0.8950051759834369,0.18350355327129364,0.5742287054168455,0.49392502219969114
MLP,test_ood,0.20152391493320465,0.2432345598936081,0.2668195962905884,0.31601154804229736,0.3884817361831665,5.960088729858398,1.927720308303833,0.11107365041971207,2.0676791667938232,0.9775879917184265,0.899120082815735,0.18836668133735657,0.5859073402814793,0.502380200882083
