name,model,lr,weight_decay,seed,params,ae_path,best_epoch,best_val_loss,epochs_run,train_seconds,seconds_per_epoch,peak_rss_mb,wall_seconds,threads,n_layers,d_model,n_heads,dropout
cfg06,transformer,0.003,0.001,0,149818,,15,0.2125553801059723,15,470.69564151763916,31.379709434509277,638.66015625,472.18947410583496,4,4,64,4,0.0
cfg09,transformer,0.001,0.001,0,149818,,15,0.2679757022857666,15,472.63450932502747,31.508967288335164,626.05078125,474.1056339740753,4,4,64,4,0.0
cfg02,transformer,0.003,0.0001,0,150044,,15,0.28207744550704955,15,503.4972472190857,33.566483147939046,971.4921875,504.9433526992798,4,2,32,2,0.1
cfg04,transformer,0.001,0.001,0,150022,,15,0.2836410436630249,15,353.4362370967865,23.56241580645243,683.078125,354.8667559623718,4,1,64,2,0.2
cfg07,transformer,0.003,0.001,0,150102,,15,0.2854805974960327,15,481.3536489009857,32.09024326006571,667.3671875,482.7887771129608,4,4,32,2,0.0
cfg01,transformer,0.003,0.0001,0,150102,,15,0.28569508028030394,15,481.4286255836487,32.095241705576576,666.8515625,482.9015049934387,4,4,32,2,0.0
cfg00,transformer,0.0003,0.0,0,149956,,15,0.29929217576980593,15,291.792622089386,19.45284147262573,564.9921875,293.224360704422,4,1,96,2,0.0
cfg03,transformer,0.003,0.0,0,150102,,15,0.3107623767852783,15,563.8379037380219,37.58919358253479,1016.9140625,565.3127293586731,4,4,32,2,0.1
cfg05,transformer,0.0003,0.0,0,150015,,15,0.37456357550621033,15,406.343581199646,27.0895720799764,620.08984375,407.91092252731323,4,3,64,2,0.0
cfg11,transformer,0.0003,0.001,0,149954,,15,0.38921724796295165,15,384.7733497619629,25.651556650797527,802.296875,386.21938586235046,4,2,64,2,0.2
cfg10,transformer,0.001,0.0001,0,150073,,15,0.3912621450424194,15,547.5927700996399,36.50618467330933,1045.7109375,549.0717022418976,4,3,32,2,0.2
cfg08,transformer,0.0003,0.0,0,150044,,15,0.4605898451805115,15,439.15739941596985,29.27715996106466,629.1484375,440.60548424720764,4,2,32,2,0.0
